Date,P/C Ratio
10/17/2003,0.64
10/21/2003,0.7
10/22/2003,0.98
10/23/2003,0.85
10/24/2003,0.91
10/27/2003,0.64
10/28/2003,0.75
10/29/2003,0.58
10/30/2003,0.81
10/31/2003,1.12
11/03/2003,0.63
11/04/2003,0.61
11/05/2003,0.69
11/06/2003,0.77
11/07/2003,0.78
11/10/2003,0.91
11/11/2003,0.96
11/12/2003,0.8
11/13/2003,0.78
11/14/2003,0.69
11/17/2003,0.84
11/18/2003,0.76
11/19/2003,0.87
11/20/2003,0.8
11/21/2003,0.8
11/24/2003,0.65
11/25/2003,0.62
11/26/2003,0.72
11/28/2003,0.69
12/01/2003,0.71
12/02/2003,0.71
12/03/2003,0.86
12/04/2003,0.72
12/05/2003,0.84
12/08/2003,0.93
12/09/2003,0.73
12/10/2003,0.81
12/11/2003,0.67
12/12/2003,0.75
12/15/2003,0.7
12/16/2003,0.68
12/17/2003,0.69
12/18/2003,0.65
12/19/2003,0.8
12/22/2003,0.98
12/23/2003,0.76
12/24/2003,0.73
12/26/2003,0.57
12/29/2003,0.53
12/30/2003,0.59
12/31/2003,1.25
01/02/2004,0.75
01/05/2004,0.68
01/06/2004,0.57
01/07/2004,0.69
01/08/2004,0.65
01/09/2004,0.65
01/12/2004,0.79
1/13/2004,0.61
1/14/2004,0.66
1/15/2004,0.58
1/16/2004,0.51
1/20/2004,0.6
1/21/2004,0.67
1/22/2004,0.92
1/23/2004,0.77
1/26/2004,0.58
1/27/2004,0.87
1/28/2004,0.85
1/29/2004,0.8
1/30/2004,0.81
02/02/2004,0.72
02/03/2004,0.7
02/04/2004,0.81
02/05/2004,0.76
02/06/2004,0.63
02/09/2004,0.71
02/10/2004,0.72
02/11/2004,0.68
02/12/2004,0.56
2/13/2004,0.76
2/17/2004,0.88
2/18/2004,0.78
2/19/2004,0.72
2/20/2004,0.86
2/23/2004,0.62
2/24/2004,0.76
2/25/2004,0.77
2/26/2004,0.64
2/27/2004,0.72
03/01/2004,0.74
03/02/2004,0.71
03/03/2004,0.71
03/04/2004,0.71
03/05/2004,0.79
03/08/2004,0.82
03/09/2004,0.97
03/10/2004,0.91
03/11/2004,1.2
03/12/2004,1.05
3/15/2004,1.05
3/16/2004,1.06
3/17/2004,0.81
3/18/2004,0.8
3/19/2004,1.03
3/22/2004,0.97
3/23/2004,0.68
3/24/2004,0.88
3/25/2004,0.7
3/26/2004,0.77
3/29/2004,0.67
3/30/2004,0.61
3/31/2004,1.31
04/01/2004,0.61
04/02/2004,0.68
04/05/2004,0.67
04/06/2004,0.82
04/07/2004,0.7
04/08/2004,0.74
04/12/2004,0.77
4/13/2004,0.92
4/14/2004,0.82
4/15/2004,0.84
4/16/2004,0.77
4/19/2004,0.67
4/20/2004,0.81
4/21/2004,0.68
4/22/2004,0.63
4/23/2004,0.7
4/26/2004,0.66
4/27/2004,0.72
4/28/2004,0.88
4/29/2004,1
4/30/2004,1.02
05/03/2004,0.81
05/04/2004,0.67
05/05/2004,0.89
05/06/2004,1.26
05/07/2004,1.01
05/10/2004,1.28
05/11/2004,1.11
05/12/2004,1.12
5/13/2004,1.01
5/14/2004,0.97
5/17/2004,1.22
5/18/2004,0.99
5/19/2004,0.8
5/20/2004,1.21
5/21/2004,1.12
5/24/2004,0.77
5/25/2004,0.9
5/26/2004,1.01
5/27/2004,0.94
5/28/2004,1.05
06/01/2004,0.94
06/02/2004,0.91
06/03/2004,1.13
06/04/2004,1.02
06/07/2004,0.85
06/08/2004,0.86
06/09/2004,0.92
06/10/2004,1.15
6/14/2004,1.32
6/15/2004,0.78
6/16/2004,0.69
6/17/2004,0.79
6/18/2004,0.8
6/21/2004,0.83
6/22/2004,0.81
6/23/2004,0.83
6/24/2004,0.66
6/25/2004,0.68
6/28/2004,0.62
6/29/2004,0.87
6/30/2004,0.78
07/01/2004,0.93
07/02/2004,0.81
07/06/2004,1.08
07/07/2004,0.99
07/08/2004,0.91
07/09/2004,0.75
07/12/2004,1.17
7/13/2004,0.79
7/14/2004,0.94
7/15/2004,0.83
7/16/2004,1.12
7/19/2004,0.7
7/20/2004,0.66
7/21/2004,0.76
7/22/2004,0.89
7/23/2004,0.81
7/26/2004,0.81
7/27/2004,0.72
7/28/2004,0.68
7/29/2004,0.65
7/30/2004,0.63
08/02/2004,0.79
08/03/2004,0.73
08/04/2004,0.92
08/05/2004,0.86
08/06/2004,1.38
08/09/2004,0.93
08/10/2004,1.03
08/11/2004,0.89
08/12/2004,1.06
8/13/2004,1.02
8/16/2004,0.85
8/17/2004,0.95
8/18/2004,0.98
8/19/2004,0.89
8/20/2004,0.95
8/23/2004,0.8
8/24/2004,0.79
8/25/2004,0.78
8/26/2004,0.84
8/27/2004,0.92
8/30/2004,0.85
8/31/2004,0.71
09/01/2004,1.05
09/02/2004,0.92
09/03/2004,1.03
09/07/2004,0.86
09/08/2004,1.05
09/09/2004,0.91
09/10/2004,0.89
9/13/2004,0.68
9/14/2004,0.93
9/15/2004,0.94
9/16/2004,0.75
9/17/2004,0.83
9/20/2004,0.92
9/21/2004,0.76
9/22/2004,1.1
9/23/2004,0.92
9/24/2004,0.94
9/27/2004,0.99
9/28/2004,0.91
9/29/2004,0.85
9/30/2004,0.86
10/01/2004,0.97
10/04/2004,0.86
10/05/2004,0.83
10/06/2004,0.78
10/07/2004,0.86
10/08/2004,1.01
10/11/2004,0.81
10/12/2004,1
10/13/2004,1.07
10/14/2004,1.07
10/15/2004,0.88
10/18/2004,0.77
10/19/2004,0.95
10/20/2004,0.85
10/21/2004,0.83
10/22/2004,0.74
10/25/2004,0.76
10/26/2004,0.67
10/27/2004,0.7
10/28/2004,0.68
10/29/2004,0.73
11/01/2004,0.92
11/02/2004,0.77
11/03/2004,0.86
11/04/2004,0.87
11/05/2004,0.69
11/08/2004,0.64
11/09/2004,0.68
11/10/2004,0.7
11/11/2004,0.74
11/12/2004,0.76
11/15/2004,0.56
11/16/2004,0.71
11/17/2004,0.65
11/18/2004,0.63
11/19/2004,0.81
11/22/2004,0.73
11/23/2004,0.79
11/24/2004,0.61
11/26/2004,0.73
11/29/2004,0.74
11/30/2004,0.89
12/01/2004,0.73
12/02/2004,0.84
12/03/2004,0.74
12/06/2004,0.75
12/07/2004,0.75
12/08/2004,0.89
12/09/2004,0.83
12/10/2004,0.63
12/13/2004,0.72
12/14/2004,0.77
12/15/2004,0.63
12/16/2004,0.68
12/17/2004,0.84
12/20/2004,0.9
12/21/2004,0.79
12/22/2004,0.91
12/23/2004,0.84
12/27/2004,0.84
12/28/2004,0.69
12/29/2004,0.9
12/30/2004,0.86
12/31/2004,0.66
01/03/2005,0.78
01/04/2005,0.78
01/05/2005,0.95
01/06/2005,0.8
01/07/2005,0.97
01/10/2005,0.82
01/11/2005,0.86
01/12/2005,0.93
1/13/2005,0.9
1/14/2005,0.72
1/18/2005,0.86
1/19/2005,0.87
1/20/2005,0.98
1/21/2005,0.87
1/24/2005,0.75
1/25/2005,0.83
1/26/2005,0.82
1/27/2005,0.84
1/28/2005,0.77
1/31/2005,0.77
02/01/2005,0.9
02/02/2005,0.73
02/03/2005,0.85
02/04/2005,0.75
02/07/2005,0.73
02/08/2005,0.81
02/09/2005,0.93
02/10/2005,0.98
02/11/2005,0.86
2/14/2005,0.9
2/15/2005,0.79
2/16/2005,0.74
2/17/2005,0.9
2/18/2005,0.86
2/22/2005,0.81
2/23/2005,0.83
2/24/2005,0.99
2/25/2005,0.81
2/28/2005,0.69
03/01/2005,0.88
03/02/2005,0.81
03/03/2005,0.82
03/04/2005,0.81
03/07/2005,0.77
03/08/2005,0.87
03/09/2005,0.97
03/10/2005,1.01
03/11/2005,0.99
3/14/2005,1.01
3/15/2005,0.85
3/16/2005,1.05
3/17/2005,1.07
3/18/2005,1.27
3/21/2005,0.78
3/22/2005,1.03
3/23/2005,0.83
3/24/2005,0.78
3/28/2005,0.66
3/29/2005,0.97
3/30/2005,0.83
3/31/2005,0.73
04/01/2005,1.06
04/04/2005,0.88
04/05/2005,0.85
04/06/2005,0.99
04/07/2005,0.69
04/08/2005,0.93
04/11/2005,1.02
04/12/2005,1.18
4/13/2005,0.97
4/14/2005,1.07
4/15/2005,1.42
4/18/2005,0.99
4/19/2005,0.98
4/20/2005,0.98
4/21/2005,0.85
4/22/2005,0.98
4/25/2005,0.8
4/26/2005,0.78
4/27/2005,1.06
4/28/2005,1.13
4/29/2005,1.01
05/02/2005,0.96
05/03/2005,0.85
05/04/2005,0.99
05/05/2005,1.13
05/06/2005,1.07
05/09/2005,0.84
05/10/2005,0.86
05/11/2005,1.01
05/12/2005,1.1
5/13/2005,1.02
5/16/2005,0.79
5/17/2005,1
5/18/2005,0.81
5/19/2005,0.78
5/20/2005,0.93
5/23/2005,0.81
5/24/2005,0.76
5/25/2005,1.02
5/26/2005,0.75
5/27/2005,0.81
5/31/2005,0.99
06/01/2005,0.68
06/02/2005,0.9
06/03/2005,0.99
06/06/2005,0.9
06/07/2005,0.88
06/08/2005,0.92
06/09/2005,0.88
06/10/2005,0.71
6/13/2005,0.88
6/14/2005,0.84
6/15/2005,0.88
6/16/2005,0.79
6/17/2005,1.02
6/20/2005,0.98
6/21/2005,0.98
6/22/2005,0.88
6/23/2005,0.77
6/24/2005,0.89
6/27/2005,0.96
6/28/2005,0.81
6/29/2005,0.78
6/30/2005,0.77
07/01/2005,1
07/05/2005,0.69
07/06/2005,1.12
07/07/2005,1.06
07/08/2005,0.82
07/11/2005,0.81
07/12/2005,0.78
7/13/2005,0.76
7/14/2005,0.72
7/15/2005,0.75
7/18/2005,1.08
7/19/2005,0.81
7/20/2005,0.91
7/21/2005,0.93
7/22/2005,0.8
7/25/2005,0.8
7/26/2005,0.85
7/27/2005,0.8
7/28/2005,0.78
7/29/2005,0.99
08/01/2005,0.94
08/02/2005,0.95
08/03/2005,0.88
08/04/2005,1.05
08/05/2005,1.15
08/08/2005,0.89
08/09/2005,0.91
08/10/2005,0.89
08/11/2005,0.94
08/12/2005,1.28
8/15/2005,0.66
8/16/2005,1.06
8/17/2005,1.02
8/18/2005,1.04
8/19/2005,1.05
8/22/2005,0.89
8/23/2005,1.04
8/24/2005,0.92
8/25/2005,0.9
8/26/2005,1.2
8/29/2005,0.99
8/30/2005,1.05
8/31/2005,0.84
09/01/2005,0.89
09/02/2005,1.15
09/06/2005,0.94
09/07/2005,0.88
09/08/2005,0.86
09/09/2005,0.78
09/12/2005,0.87
9/13/2005,0.98
9/14/2005,0.89
9/15/2005,0.82
9/16/2005,0.8
9/19/2005,0.9
9/20/2005,1.07
9/21/2005,1.16
9/22/2005,1.41
9/23/2005,0.95
9/26/2005,1.23
9/27/2005,0.81
9/28/2005,0.73
9/29/2005,0.78
9/30/2005,0.83
10/03/2005,0.91
10/04/2005,0.82
10/05/2005,0.98
10/06/2005,1.1
10/07/2005,0.95
10/10/2005,1.06
10/11/2005,1.19
10/12/2005,1.32
10/13/2005,1.31
10/14/2005,1.06
10/17/2005,0.87
10/18/2005,0.95
10/19/2005,1.1
10/20/2005,1.05
10/21/2005,1.02
10/24/2005,0.71
10/25/2005,0.88
10/26/2005,0.93
10/27/2005,1.13
10/28/2005,0.84
10/31/2005,0.91
11/01/2005,0.99
11/02/2005,0.71
11/03/2005,0.93
11/04/2005,0.88
11/07/2005,0.84
11/08/2005,0.73
11/09/2005,0.83
11/10/2005,0.78
11/11/2005,0.68
11/14/2005,0.89
11/15/2005,0.86
11/16/2005,0.78
11/17/2005,0.71
11/18/2005,0.62
11/21/2005,0.8
11/22/2005,1.05
11/23/2005,0.81
11/25/2005,0.91
11/28/2005,1.01
11/29/2005,1.1
11/30/2005,0.85
12/01/2005,0.84
12/02/2005,0.84
12/05/2005,0.86
12/06/2005,0.78
12/07/2005,0.79
12/08/2005,1
12/09/2005,0.82
12/12/2005,0.69
12/13/2005,0.61
12/14/2005,0.69
12/15/2005,0.41
12/16/2005,0.82
12/19/2005,0.94
12/20/2005,1.22
12/21/2005,0.71
12/22/2005,0.76
12/23/2005,0.69
12/27/2005,1
12/28/2005,0.84
12/29/2005,0.91
12/30/2005,0.8
01/03/2006,0.75
01/04/2006,0.75
01/05/2006,0.62
01/06/2006,0.68
01/09/2006,0.69
01/10/2006,0.71
01/11/2006,0.63
01/12/2006,0.74
1/13/2006,0.78
1/17/2006,0.78
1/18/2006,0.95
1/19/2006,0.87
1/20/2006,1.08
1/23/2006,0.88
1/24/2006,0.57
1/25/2006,0.86
1/26/2006,0.7
1/27/2006,0.8
1/30/2006,0.66
1/31/2006,0.81
02/01/2006,0.93
02/02/2006,0.96
02/03/2006,1.08
02/06/2006,0.84
02/07/2006,0.95
02/08/2006,0.79
02/09/2006,0.76
02/10/2006,0.68
2/13/2006,1.01
2/14/2006,0.86
2/15/2006,0.71
2/16/2006,0.7
2/17/2006,0.83
2/21/2006,0.91
2/22/2006,0.73
2/23/2006,0.84
2/24/2006,0.93
2/27/2006,0.72
2/28/2006,0.91
03/01/2006,0.71
03/02/2006,0.95
03/03/2006,0.87
03/06/2006,0.92
03/07/2006,1.02
03/08/2006,0.96
03/09/2006,0.95
03/10/2006,0.87
3/13/2006,0.88
3/14/2006,0.77
3/15/2006,0.72
3/16/2006,0.32
3/17/2006,0.79
3/20/2006,0.88
3/21/2006,0.96
3/22/2006,0.98
3/23/2006,0.89
3/24/2006,0.84
3/27/2006,0.87
3/28/2006,1.05
3/29/2006,0.82
3/30/2006,0.83
3/31/2006,0.83
04/03/2006,0.68
04/04/2006,0.82
04/05/2006,0.86
04/06/2006,0.78
04/07/2006,0.91
04/10/2006,0.85
04/11/2006,1.02
04/12/2006,0.83
4/13/2006,0.86
4/17/2006,0.81
4/18/2006,0.69
4/19/2006,0.69
4/20/2006,0.78
4/21/2006,0.93
4/24/2006,0.84
4/25/2006,0.95
4/26/2006,1.07
4/27/2006,0.74
4/28/2006,0.87
05/01/2006,0.91
05/02/2006,0.88
05/03/2006,0.91
05/04/2006,0.64
05/05/2006,0.82
05/08/2006,0.94
05/09/2006,0.87
05/10/2006,0.83
05/11/2006,0.96
05/12/2006,1.27
5/15/2006,1.23
5/16/2006,1.01
5/17/2006,1.52
5/18/2006,1.22
5/19/2006,1.27
5/22/2006,1.21
5/23/2006,1.14
5/24/2006,1.42
5/25/2006,0.91
5/26/2006,0.75
5/30/2006,1.2
5/31/2006,0.95
06/01/2006,1.13
06/02/2006,1.26
06/05/2006,1.04
06/06/2006,0.99
06/07/2006,1.12
06/08/2006,1.36
06/09/2006,1.02
06/12/2006,0.96
6/13/2006,1.34
6/14/2006,1.12
6/15/2006,0.86
6/16/2006,1.27
6/19/2006,1.1
6/20/2006,0.97
6/21/2006,0.92
6/22/2006,1.04
6/23/2006,1
6/26/2006,0.74
6/27/2006,1.02
6/28/2006,0.87
6/29/2006,0.68
6/30/2006,0.96
07/03/2006,0.96
07/05/2006,1.32
07/06/2006,0.8
07/07/2006,0.89
07/10/2006,0.92
07/11/2006,1.1
07/12/2006,1.34
7/13/2006,1.13
7/14/2006,1.23
7/17/2006,1.09
7/18/2006,1.13
7/19/2006,0.88
7/20/2006,1.02
7/21/2006,1.31
7/24/2006,0.68
7/25/2006,1
7/26/2006,1.06
7/27/2006,1.05
7/28/2006,0.88
7/31/2006,0.84
08/01/2006,0.97
08/02/2006,0.81
08/03/2006,0.89
08/04/2006,1.17
08/07/2006,0.87
08/08/2006,0.98
08/09/2006,0.99
08/10/2006,0.94
08/11/2006,0.93
8/14/2006,0.81
8/15/2006,0.88
8/16/2006,0.75
8/17/2006,0.87
8/18/2006,0.89
8/21/2006,1.13
8/22/2006,1.15
8/23/2006,1.33
8/24/2006,1.04
8/25/2006,0.81
8/28/2006,0.98
8/29/2006,1.01
8/30/2006,0.96
8/31/2006,0.9
09/01/2006,1
09/05/2006,0.96
09/06/2006,1.27
09/07/2006,0.94
09/08/2006,1.02
09/11/2006,1.03
09/12/2006,0.96
9/13/2006,0.75
9/14/2006,0.94
9/15/2006,0.82
9/18/2006,0.97
9/19/2006,1.41
9/20/2006,0.87
9/21/2006,0.97
9/22/2006,0.92
9/25/2006,0.84
9/26/2006,1.03
9/27/2006,0.84
9/28/2006,0.85
9/29/2006,0.79
10/02/2006,1.03
10/03/2006,1.18
10/04/2006,0.87
10/05/2006,0.81
10/06/2006,0.95
10/09/2006,0.98
10/10/2006,0.83
10/11/2006,0.92
10/12/2006,0.83
10/13/2006,0.84
10/16/2006,0.79
10/17/2006,0.9
10/18/2006,0.97
10/19/2006,0.76
10/20/2006,0.8
10/23/2006,0.75
10/24/2006,1.16
10/25/2006,0.84
10/26/2006,0.76
10/27/2006,1.03
10/30/2006,0.82
10/31/2006,0.97
11/01/2006,0.91
11/02/2006,0.9
11/03/2006,0.91
11/06/2006,0.76
11/07/2006,0.79
11/08/2006,0.78
11/09/2006,0.84
11/10/2006,1.06
11/13/2006,0.8
11/14/2006,0.82
11/15/2006,0.83
11/16/2006,0.78
11/17/2006,0.78
11/20/2006,0.86
11/21/2006,1.03
11/22/2006,0.89
11/24/2006,1.06
11/27/2006,1.27
11/28/2006,0.93
11/29/2006,0.67
11/30/2006,0.77
12/01/2006,0.91
12/04/2006,0.86
12/05/2006,0.76
12/06/2006,0.84
12/07/2006,0.89
12/08/2006,0.79
12/11/2006,0.72
12/12/2006,0.96
12/13/2006,0.87
12/14/2006,0.61
12/15/2006,0.74
12/18/2006,1.09
12/19/2006,0.96
12/20/2006,0.85
12/21/2006,0.79
12/22/2006,1.11
12/26/2006,0.84
12/27/2006,0.85
12/28/2006,0.96
12/29/2006,0.88
01/03/2007,0.87
01/04/2007,0.82
01/05/2007,0.9
01/08/2007,0.86
01/09/2007,0.79
01/10/2007,0.81
01/11/2007,0.72
01/12/2007,0.75
1/16/2007,0.89
1/17/2007,0.88
1/18/2007,0.9
1/19/2007,0.84
1/22/2007,0.97
1/23/2007,0.91
1/24/2007,0.85
1/25/2007,1.2
1/26/2007,0.98
1/29/2007,0.98
1/30/2007,0.94
1/31/2007,0.78
02/01/2007,0.84
02/02/2007,0.98
02/05/2007,0.82
02/06/2007,0.85
02/07/2007,0.87
02/08/2007,0.85
02/09/2007,0.93
02/12/2007,1.18
2/13/2007,0.96
2/14/2007,0.96
2/15/2007,0.76
2/16/2007,0.84
2/20/2007,0.96
2/21/2007,1.12
2/22/2007,1.04
2/23/2007,1.38
2/26/2007,1.03
2/27/2007,1.68
2/28/2007,1.1
03/01/2007,1.4
03/02/2007,1.32
03/05/2007,1.65
03/06/2007,1.24
03/07/2007,1.18
03/08/2007,1.02
03/09/2007,1.16
03/12/2007,1.06
3/13/2007,1.42
3/14/2007,1.61
3/15/2007,1.15
3/16/2007,1.23
3/19/2007,0.81
3/20/2007,0.95
3/21/2007,1.13
3/22/2007,0.93
3/23/2007,0.93
3/26/2007,1
3/27/2007,0.99
3/28/2007,1.36
3/29/2007,1.18
3/30/2007,1.2
04/02/2007,0.84
04/03/2007,1.13
04/04/2007,1.05
04/05/2007,0.76
04/09/2007,0.78
04/10/2007,1.14
04/11/2007,1
04/12/2007,1.03
4/13/2007,0.96
4/16/2007,0.84
4/17/2007,0.9
4/18/2007,0.81
4/19/2007,0.93
4/20/2007,0.75
4/23/2007,0.91
4/24/2007,1.21
4/25/2007,0.82
4/26/2007,0.83
4/27/2007,1.01
4/30/2007,0.97
05/01/2007,1.15
05/02/2007,0.81
05/03/2007,0.89
05/04/2007,0.84
05/07/2007,0.7
05/08/2007,1
05/09/2007,0.74
05/10/2007,1.1
05/11/2007,0.95
5/14/2007,0.88
5/15/2007,0.92
5/16/2007,1.03
5/17/2007,0.77
5/18/2007,0.98
5/21/2007,0.95
5/22/2007,1.2
5/23/2007,0.99
5/24/2007,1.14
5/25/2007,1.03
5/29/2007,0.91
5/30/2007,0.92
5/31/2007,0.93
06/01/2007,0.89
06/04/2007,0.9
06/05/2007,0.98
06/06/2007,1.12
06/07/2007,1.24
06/08/2007,1.13
06/11/2007,1.08
06/12/2007,1.09
6/13/2007,0.97
6/14/2007,0.79
6/15/2007,1.03
6/18/2007,0.93
6/19/2007,0.88
6/20/2007,1.06
6/21/2007,0.98
6/22/2007,1.03
6/25/2007,1.14
6/26/2007,1.13
6/27/2007,0.84
6/28/2007,0.89
6/29/2007,1.03
07/02/2007,0.85
07/03/2007,0.93
07/05/2007,0.89
07/06/2007,0.87
07/09/2007,0.8
07/10/2007,1
07/11/2007,0.89
07/12/2007,0.77
7/13/2007,0.93
7/16/2007,0.83
7/17/2007,0.92
7/18/2007,1.1
7/19/2007,0.8
7/20/2007,1.22
7/23/2007,0.81
7/24/2007,1.47
7/25/2007,1.05
7/26/2007,1.52
7/27/2007,1.41
7/30/2007,1.16
7/31/2007,1.27
08/01/2007,1.35
08/02/2007,1.1
08/03/2007,1.44
08/06/2007,1.28
08/07/2007,1.06
08/08/2007,1.01
08/09/2007,1.13
08/10/2007,1.11
8/13/2007,1.02
8/14/2007,1.4
8/15/2007,1.49
8/16/2007,1.5
8/17/2007,1.24
8/20/2007,0.91
8/21/2007,0.9
8/22/2007,1.09
8/23/2007,1.15
8/24/2007,1.06
8/27/2007,1
8/28/2007,1.29
8/29/2007,0.96
8/30/2007,0.93
8/31/2007,1.06
09/04/2007,1.07
09/05/2007,1.12
09/06/2007,0.88
09/07/2007,1.18
09/10/2007,1.15
09/11/2007,1.06
09/12/2007,0.87
9/13/2007,1.03
9/14/2007,1.1
9/17/2007,1.03
9/18/2007,1.03
9/19/2007,0.96
9/20/2007,1.01
9/21/2007,0.85
9/24/2007,0.84
9/25/2007,1.13
9/26/2007,0.87
9/27/2007,0.85
9/28/2007,1.1
10/01/2007,0.88
10/02/2007,0.99
10/03/2007,0.82
10/04/2007,0.72
10/05/2007,0.78
10/08/2007,0.82
10/09/2007,0.81
10/10/2007,0.89
10/11/2007,0.9
10/12/2007,0.78
10/15/2007,0.8
10/16/2007,0.96
10/17/2007,0.95
10/18/2007,0.77
10/19/2007,1.16
10/22/2007,1.01
10/23/2007,0.96
10/24/2007,0.98
10/25/2007,1.09
10/26/2007,0.82
10/29/2007,0.92
10/30/2007,1.16
10/31/2007,0.77
11/01/2007,0.96
11/02/2007,1.14
11/05/2007,1.03
11/06/2007,0.98
11/07/2007,1.06
11/08/2007,1.22
11/09/2007,1.08
11/12/2007,0.92
11/13/2007,1.19
11/14/2007,0.91
11/15/2007,1.31
11/16/2007,1.27
11/19/2007,1.11
11/20/2007,1.12
11/21/2007,1.23
11/23/2007,0.89
11/26/2007,0.98
11/27/2007,0.82
11/28/2007,0.9
11/29/2007,0.89
11/30/2007,1.06
12/03/2007,0.83
12/04/2007,1.08
12/05/2007,0.89
12/06/2007,0.88
12/07/2007,0.99
12/10/2007,0.96
12/11/2007,1.1
12/12/2007,0.99
12/13/2007,1.06
12/14/2007,1.06
12/17/2007,1.11
12/18/2007,1.04
12/19/2007,1.14
12/20/2007,0.68
12/21/2007,0.59
12/24/2007,0.89
12/26/2007,0.9
12/27/2007,0.98
12/28/2007,0.97
12/31/2007,1.05
01/02/2008,1.16
01/03/2008,1.01
01/04/2008,1.05
01/07/2008,1.04
01/08/2008,1.47
01/09/2008,1.15
01/10/2008,0.97
01/11/2008,0.93
1/14/2008,0.95
1/15/2008,1.25
1/16/2008,1.19
1/17/2008,1.5
1/18/2008,1.34
1/22/2008,1.18
1/23/2008,1.13
1/24/2008,0.88
1/25/2008,1.06
1/28/2008,0.92
1/29/2008,0.9
1/30/2008,0.81
1/31/2008,0.96
02/01/2008,0.81
02/04/2008,0.94
02/05/2008,1.15
02/06/2008,1.06
02/07/2008,1.12
02/08/2008,1.13
02/11/2008,0.96
02/12/2008,1.13
2/13/2008,0.97
2/14/2008,1.01
2/15/2008,1.15
2/19/2008,1.01
2/20/2008,0.85
2/21/2008,0.96
2/22/2008,1.15
2/25/2008,0.93
2/26/2008,1.07
2/27/2008,1.09
2/28/2008,1.24
2/29/2008,1.28
03/03/2008,1.23
03/04/2008,1.18
03/05/2008,1.14
03/06/2008,1.27
03/07/2008,1.24
03/10/2008,1.49
03/11/2008,1.11
03/12/2008,1.11
3/13/2008,1.21
3/14/2008,1.42
3/17/2008,1.49
3/18/2008,1
3/19/2008,1.21
3/20/2008,1.11
3/24/2008,0.82
3/25/2008,0.96
3/26/2008,1.03
3/27/2008,1.14
3/28/2008,1.17
3/31/2008,1.02
04/01/2008,0.9
04/02/2008,1.05
04/03/2008,1.05
04/04/2008,1.19
04/07/2008,0.97
04/08/2008,1.13
04/09/2008,1.16
04/10/2008,0.98
04/11/2008,1.29
4/14/2008,1.02
4/15/2008,1.06
4/16/2008,0.92
4/17/2008,0.93
4/18/2008,0.82
4/21/2008,0.94
4/22/2008,1.07
4/23/2008,0.95
4/24/2008,0.9
4/25/2008,0.91
4/28/2008,0.96
4/29/2008,1.08
4/30/2008,0.92
05/01/2008,0.93
05/02/2008,0.9
05/05/2008,0.89
05/06/2008,0.82
05/07/2008,1.02
05/08/2008,0.89
05/09/2008,0.92
05/12/2008,0.86
5/13/2008,0.79
5/14/2008,0.8
5/15/2008,0.77
5/16/2008,0.86
5/19/2008,0.85
5/20/2008,1.08
5/21/2008,1.18
5/22/2008,0.97
5/23/2008,1.05
5/27/2008,0.94
5/28/2008,0.81
5/29/2008,0.85
5/30/2008,0.84
06/02/2008,1.07
06/03/2008,1.16
06/04/2008,1.08
06/05/2008,0.97
06/06/2008,1.14
06/09/2008,0.95
06/10/2008,0.96
06/11/2008,1.14
06/12/2008,0.97
6/13/2008,0.91
6/16/2008,0.93
6/17/2008,0.99
6/18/2008,1.12
6/19/2008,0.99
6/20/2008,1.32
6/23/2008,0.87
6/24/2008,0.99
6/25/2008,0.86
6/26/2008,1.15
6/27/2008,1.13
6/30/2008,1.09
07/01/2008,1.02
07/02/2008,1.08
07/03/2008,1.2
07/07/2008,1.21
07/08/2008,1.02
07/09/2008,1.01
07/10/2008,1.06
07/11/2008,1.15
7/14/2008,1.16
7/15/2008,1.16
7/16/2008,0.93
7/17/2008,0.86
7/18/2008,0.93
7/21/2008,0.88
7/22/2008,0.91
7/23/2008,0.9
7/24/2008,1.05
7/25/2008,0.85
7/28/2008,1.06
7/29/2008,0.86
7/30/2008,0.87
7/31/2008,0.95
08/01/2008,0.99
08/04/2008,0.97
08/05/2008,0.77
08/06/2008,0.94
08/07/2008,1.05
08/08/2008,0.93
08/11/2008,0.86
08/12/2008,1.06
8/13/2008,1.02
8/14/2008,0.87
8/15/2008,1
8/18/2008,1.06
8/19/2008,1.13
8/20/2008,0.96
8/21/2008,0.97
8/22/2008,0.86
8/25/2008,1.12
8/26/2008,0.97
8/27/2008,0.82
8/28/2008,0.82
8/29/2008,1
09/02/2008,0.96
09/03/2008,0.86
09/04/2008,1.05
09/05/2008,1.01
09/08/2008,0.9
09/09/2008,1.12
09/10/2008,1.1
09/11/2008,1
09/12/2008,1.01
9/15/2008,1.46
9/16/2008,1.29
9/17/2008,1.37
9/18/2008,1.18
9/19/2008,0.83
9/22/2008,0.97
9/23/2008,1.04
9/24/2008,1.06
9/25/2008,0.8
9/26/2008,1.02
9/29/2008,1.36
9/30/2008,1.3
10/01/2008,0.99
10/02/2008,1.36
10/03/2008,1.1
10/06/2008,1.52
10/07/2008,1.11
10/08/2008,1.19
10/09/2008,1.35
10/10/2008,1.23
10/13/2008,0.89
10/14/2008,0.87
10/15/2008,1.13
10/16/2008,1.15
10/17/2008,0.97
10/20/2008,0.82
10/21/2008,0.89
10/22/2008,1.21
10/23/2008,1.23
10/24/2008,1.24
10/27/2008,1.17
10/28/2008,1.01
10/29/2008,0.79
10/30/2008,0.8
10/31/2008,0.96
11/03/2008,0.96
11/04/2008,0.99
11/05/2008,0.94
11/06/2008,1.33
11/07/2008,0.94
11/10/2008,1.11
11/11/2008,1.17
11/12/2008,1.18
11/13/2008,0.99
11/14/2008,1.02
11/17/2008,0.94
11/18/2008,1.08
11/19/2008,1.39
11/20/2008,1.32
11/21/2008,1.13
11/24/2008,0.74
11/25/2008,0.78
11/26/2008,0.75
11/28/2008,0.88
12/01/2008,1
12/02/2008,0.94
12/03/2008,1.04
12/04/2008,0.94
12/05/2008,0.92
12/08/2008,0.86
12/09/2008,0.84
12/10/2008,0.94
12/11/2008,0.98
12/12/2008,1.04
12/15/2008,1.05
12/16/2008,0.9
12/17/2008,0.84
12/18/2008,0.9
12/19/2008,0.82
12/22/2008,0.82
12/23/2008,0.71
12/24/2008,0.81
12/26/2008,0.79
12/29/2008,0.94
12/30/2008,0.82
12/31/2008,0.8
01/02/2009,0.94
01/05/2009,0.83
01/06/2009,0.8
01/07/2009,1.13
01/08/2009,1.07
01/09/2009,1.03
01/12/2009,1.16
1/13/2009,0.9
1/14/2009,1.13
1/15/2009,1.18
1/16/2009,0.96
1/20/2009,0.96
1/21/2009,0.93
1/22/2009,0.87
1/23/2009,0.77
1/26/2009,0.78
1/27/2009,0.78
1/28/2009,0.75
1/29/2009,0.96
1/30/2009,1.02
02/02/2009,0.81
02/03/2009,0.81
02/04/2009,0.89
02/05/2009,0.75
02/06/2009,0.71
02/09/2009,0.66
02/10/2009,0.88
02/11/2009,0.92
02/12/2009,0.9
2/13/2009,0.89
2/17/2009,1.03
2/18/2009,1.18
2/19/2009,1.14
2/20/2009,1.07
2/23/2009,0.95
2/24/2009,0.78
2/25/2009,0.85
2/26/2009,0.69
2/27/2009,0.97
03/02/2009,1.07
03/03/2009,0.95
03/04/2009,0.96
03/05/2009,1.02
03/06/2009,0.88
03/09/2009,0.73
03/10/2009,0.72
03/11/2009,0.75
03/12/2009,0.7
3/13/2009,0.71
3/16/2009,0.79
3/17/2009,0.78
3/18/2009,0.64
3/19/2009,0.77
3/20/2009,0.9
3/23/2009,0.7
3/24/2009,0.76
3/25/2009,0.85
3/26/2009,0.91
3/27/2009,0.91
3/30/2009,1.12
3/31/2009,0.82
04/01/2009,0.9
04/02/2009,0.69
04/03/2009,0.82
04/06/2009,0.95
04/07/2009,0.96
04/08/2009,0.85
04/09/2009,0.8
4/13/2009,0.67
4/14/2009,0.77
4/15/2009,0.92
4/16/2009,0.75
4/17/2009,0.72
4/20/2009,0.92
4/21/2009,0.84
4/22/2009,0.78
4/23/2009,0.9
4/24/2009,0.84
4/27/2009,0.81
4/28/2009,0.89
4/29/2009,0.78
4/30/2009,0.94
05/01/2009,0.85
05/04/2009,0.75
05/05/2009,0.71
05/06/2009,0.77
05/07/2009,0.82
05/08/2009,0.87
05/11/2009,0.86
05/12/2009,0.86
5/13/2009,0.87
5/14/2009,0.87
5/15/2009,0.8
5/18/2009,0.77
5/19/2009,0.81
5/20/2009,0.85
5/21/2009,0.97
5/22/2009,0.8
5/26/2009,0.72
5/27/2009,0.86
5/28/2009,0.76
5/29/2009,0.77
06/01/2009,0.77
06/02/2009,0.84
06/03/2009,0.96
06/04/2009,0.88
06/05/2009,0.81
06/08/2009,0.93
06/09/2009,0.87
06/10/2009,0.87
06/11/2009,0.77
06/12/2009,0.87
6/15/2009,0.81
6/16/2009,1.01
6/17/2009,1.14
6/18/2009,0.93
6/19/2009,0.86
6/22/2009,0.94
6/23/2009,1
6/24/2009,0.86
6/25/2009,0.9
6/26/2009,0.82
6/29/2009,0.78
6/30/2009,1.07
07/01/2009,0.8
07/02/2009,1.06
07/06/2009,0.87
07/07/2009,1.01
07/08/2009,1.04
07/09/2009,1.07
07/10/2009,1.07
7/13/2009,0.83
7/14/2009,0.84
7/15/2009,0.77
7/16/2009,0.75
7/17/2009,0.73
7/20/2009,0.7
7/21/2009,0.8
7/22/2009,0.98
7/23/2009,0.88
7/24/2009,0.93
7/27/2009,0.79
7/28/2009,0.81
7/29/2009,0.92
7/30/2009,0.67
7/31/2009,0.84
08/03/2009,0.76
08/04/2009,0.81
08/05/2009,0.74
08/06/2009,0.91
08/07/2009,0.73
08/10/2009,0.76
08/11/2009,0.77
08/12/2009,0.92
8/13/2009,0.78
8/14/2009,0.95
8/17/2009,0.99
8/18/2009,0.93
8/19/2009,0.97
8/20/2009,0.71
8/21/2009,0.59
8/24/2009,0.73
8/25/2009,0.81
8/26/2009,1.04
8/27/2009,0.81
8/28/2009,0.76
8/31/2009,0.89
09/01/2009,0.93
09/02/2009,0.92
09/03/2009,0.93
09/04/2009,0.89
09/08/2009,0.79
09/09/2009,0.86
09/10/2009,0.9
09/11/2009,0.88
9/14/2009,0.8
9/15/2009,0.76
9/16/2009,0.66
9/17/2009,0.78
9/18/2009,0.86
9/21/2009,0.74
9/22/2009,0.76
9/23/2009,0.89
9/24/2009,0.99
9/25/2009,0.96
9/28/2009,1
9/29/2009,0.86
9/30/2009,1.11
10/01/2009,0.97
10/02/2009,1.11
10/05/2009,0.8
10/06/2009,0.77
10/07/2009,0.78
10/08/2009,0.72
10/09/2009,0.79
10/12/2009,0.82
10/13/2009,0.81
10/14/2009,0.69
10/15/2009,0.69
10/16/2009,0.76
10/19/2009,0.9
10/20/2009,0.91
10/21/2009,0.94
10/22/2009,0.81
10/23/2009,0.85
10/26/2009,0.88
10/27/2009,1.01
10/28/2009,1.1
10/29/2009,0.84
10/30/2009,1.21
11/02/2009,1.03
11/03/2009,0.93
11/04/2009,0.82
11/05/2009,0.88
11/06/2009,1.03
11/09/2009,0.87
11/10/2009,0.83
11/11/2009,0.89
11/12/2009,0.85
11/13/2009,1.01
11/16/2009,0.84
11/17/2009,0.88
11/18/2009,0.83
11/19/2009,0.99
11/20/2009,0.91
11/23/2009,0.67
11/24/2009,0.88
11/25/2009,0.84
11/27/2009,1.05
11/30/2009,1.04
12/01/2009,0.85
12/02/2009,0.87
12/03/2009,0.67
12/04/2009,0.84
12/07/2009,0.89
12/08/2009,0.89
12/09/2009,0.95
12/10/2009,0.88
12/11/2009,0.89
12/14/2009,0.87
12/15/2009,0.75
12/16/2009,0.87
12/17/2009,0.89
12/18/2009,0.95
12/21/2009,0.62
12/22/2009,0.6
12/23/2009,0.81
12/24/2009,0.7
12/28/2009,0.77
12/29/2009,0.9
12/30/2009,0.77
12/31/2009,0.9
01/04/2010,0.68
01/05/2010,0.71
01/06/2010,0.69
01/07/2010,0.7
01/08/2010,0.64
01/11/2010,0.67
01/12/2010,0.8
1/13/2010,0.81
1/14/2010,0.75
1/15/2010,0.82
1/19/2010,0.73
1/20/2010,0.94
1/21/2010,0.93
1/22/2010,1.07
1/25/2010,0.98
1/26/2010,0.84
1/27/2010,0.95
1/28/2010,0.8
1/29/2010,0.99
02/01/2010,0.74
02/02/2010,0.86
02/03/2010,0.84
02/04/2010,1.06
02/05/2010,1.22
02/08/2010,0.99
02/09/2010,0.98
02/10/2010,0.94
02/11/2010,0.88
02/12/2010,0.9
2/16/2010,0.88
2/17/2010,0.92
2/18/2010,0.78
2/19/2010,0.85
2/22/2010,0.82
2/23/2010,1.04
2/24/2010,0.84
2/25/2010,1.03
2/26/2010,0.86
03/01/2010,0.95
03/02/2010,0.78
03/03/2010,0.87
03/04/2010,1
03/05/2010,0.82
03/08/2010,0.91
03/09/2010,0.68
03/10/2010,0.82
03/11/2010,0.91
03/12/2010,0.85
3/15/2010,0.79
3/16/2010,0.76
3/17/2010,0.85
3/18/2010,0.77
3/19/2010,0.97
3/22/2010,0.9
3/23/2010,0.65
3/24/2010,0.92
3/25/2010,0.84
3/26/2010,0.92
3/29/2010,0.86
3/30/2010,0.85
3/31/2010,0.84
04/01/2010,0.88
04/05/2010,0.78
04/06/2010,0.73
04/07/2010,0.9
04/08/2010,0.78
04/09/2010,0.71
04/12/2010,0.67
4/13/2010,0.72
4/14/2010,0.55
4/15/2010,0.69
4/16/2010,0.85
4/19/2010,0.89
4/20/2010,0.89
4/21/2010,0.89
4/22/2010,0.74
4/23/2010,0.71
4/26/2010,0.67
4/27/2010,0.88
4/28/2010,0.82
4/29/2010,0.72
4/30/2010,1.04
05/03/2010,0.79
05/04/2010,0.99
05/05/2010,1.13
05/06/2010,1.02
05/07/2010,1.2
05/10/2010,0.99
05/11/2010,1.07
05/12/2010,0.85
5/13/2010,0.85
5/14/2010,1.12
5/17/2010,1.01
5/18/2010,1
5/19/2010,1.37
5/20/2010,1.5
5/21/2010,1.28
5/24/2010,0.92
5/25/2010,1.11
5/26/2010,1.03
5/27/2010,1.01
5/28/2010,1.2
06/01/2010,0.9
06/02/2010,0.9
06/03/2010,1.07
06/04/2010,0.99
06/07/2010,0.97
06/08/2010,1.14
06/09/2010,1.05
06/10/2010,1
06/11/2010,1.08
6/14/2010,1.07
6/15/2010,0.84
6/16/2010,0.94
6/17/2010,0.9
6/18/2010,0.86
6/21/2010,0.91
6/22/2010,1.04
6/23/2010,1.09
6/24/2010,1.29
6/25/2010,0.89
6/28/2010,0.78
6/29/2010,1.09
6/30/2010,1.08
07/01/2010,1.24
07/02/2010,0.89
07/06/2010,1.2
07/07/2010,0.87
07/08/2010,0.81
07/09/2010,0.84
07/12/2010,0.97
7/13/2010,0.8
7/14/2010,0.91
7/15/2010,0.87
7/16/2010,1.06
7/19/2010,0.7
7/20/2010,0.84
7/21/2010,0.99
7/22/2010,0.81
7/23/2010,0.83
7/26/2010,0.95
7/27/2010,0.81
7/28/2010,0.95
7/29/2010,0.96
7/30/2010,0.8
08/02/2010,0.9
08/03/2010,0.85
08/04/2010,0.81
08/05/2010,0.94
08/06/2010,0.89
08/09/2010,0.8
08/10/2010,1
08/11/2010,1.05
08/12/2010,0.98
8/13/2010,1
8/16/2010,0.9
8/17/2010,0.97
8/18/2010,1.2
8/19/2010,0.96
8/20/2010,1.03
8/23/2010,0.71
8/24/2010,0.96
8/25/2010,1
8/26/2010,0.93
8/27/2010,0.82
8/30/2010,0.95
8/31/2010,0.91
09/01/2010,0.82
09/02/2010,0.87
09/03/2010,0.94
09/07/2010,1.31
09/08/2010,0.93
09/09/2010,1.05
09/10/2010,1.22
9/13/2010,0.81
9/14/2010,0.89
9/15/2010,0.94
9/16/2010,0.83
9/17/2010,0.9
9/20/2010,0.78
9/21/2010,0.94
9/22/2010,0.95
9/23/2010,0.93
9/24/2010,0.84
9/27/2010,0.83
9/28/2010,1
9/29/2010,0.77
9/30/2010,0.83
10/01/2010,0.76
10/04/2010,0.81
10/05/2010,0.85
10/06/2010,0.84
10/07/2010,1.05
10/08/2010,0.84
10/11/2010,0.81
10/12/2010,1.1
10/13/2010,0.73
10/14/2010,0.81
10/15/2010,0.72
10/18/2010,0.83
10/19/2010,0.92
10/20/2010,0.98
10/21/2010,0.96
10/22/2010,0.88
10/25/2010,0.9
10/26/2010,0.89
10/27/2010,0.84
10/28/2010,0.85
10/29/2010,0.89
11/01/2010,0.86
11/02/2010,0.78
11/03/2010,0.88
11/04/2010,0.76
11/05/2010,0.67
11/08/2010,0.69
11/09/2010,0.83
11/10/2010,0.71
11/11/2010,0.75
11/12/2010,1
11/15/2010,0.77
11/16/2010,0.92
11/17/2010,0.89
11/18/2010,0.81
11/19/2010,0.66
11/22/2010,0.77
11/23/2010,0.92
11/24/2010,1.05
11/26/2010,0.83
11/29/2010,0.96
11/30/2010,0.86
12/01/2010,0.79
12/02/2010,0.69
12/03/2010,0.76
12/06/2010,0.71
12/07/2010,0.73
12/08/2010,0.71
12/09/2010,0.69
12/10/2010,0.73
12/13/2010,0.55
12/14/2010,0.82
12/15/2010,0.66
12/16/2010,0.85
12/17/2010,0.74
12/20/2010,0.73
12/21/2010,0.7
12/22/2010,0.8
12/23/2010,0.85
12/27/2010,0.74
12/28/2010,0.76
12/29/2010,0.74
12/30/2010,0.7
12/31/2010,0.97
01/03/2011,0.64
01/04/2011,0.63
01/05/2011,0.69
01/06/2011,0.71
01/07/2011,0.87
01/10/2011,0.78
01/11/2011,0.83
01/12/2011,0.81
1/13/2011,0.7
1/14/2011,0.58
1/18/2011,0.71
1/19/2011,0.82
1/20/2011,0.91
1/21/2011,0.79
1/24/2011,0.73
1/25/2011,0.92
1/26/2011,0.9
1/27/2011,1
1/28/2011,1.05
1/31/2011,1
02/01/2011,0.8
02/02/2011,0.75
02/03/2011,0.86
02/04/2011,0.87
02/07/2011,0.79
02/08/2011,0.81
02/09/2011,0.85
02/10/2011,0.78
02/11/2011,0.78
2/14/2011,0.85
2/15/2011,0.82
2/16/2011,0.91
2/17/2011,0.72
2/18/2011,0.9
2/22/2011,0.96
2/23/2011,0.95
2/24/2011,0.98
2/25/2011,0.82
2/28/2011,0.83
03/01/2011,0.93
03/02/2011,0.79
03/03/2011,0.85
03/04/2011,0.79
03/07/2011,0.91
03/08/2011,0.86
03/09/2011,0.86
03/10/2011,1.03
03/11/2011,1.06
3/14/2011,0.94
3/15/2011,1.06
3/16/2011,1.18
3/17/2011,1.04
3/18/2011,0.97
3/21/2011,0.74
3/22/2011,0.76
3/23/2011,0.84
3/24/2011,0.86
3/25/2011,0.82
3/28/2011,0.83
3/29/2011,0.74
3/30/2011,0.76
3/31/2011,0.86
04/01/2011,0.9
04/04/2011,1.04
04/05/2011,0.81
04/06/2011,0.68
04/07/2011,0.88
04/08/2011,0.86
04/11/2011,0.96
04/12/2011,1.1
4/13/2011,0.87
4/14/2011,0.97
4/15/2011,0.93
4/18/2011,0.85
4/19/2011,0.89
4/20/2011,0.92
4/21/2011,0.92
4/25/2011,0.74
4/26/2011,0.86
4/27/2011,0.87
4/28/2011,0.82
4/29/2011,0.92
05/02/2011,0.83
05/03/2011,0.89
05/04/2011,1.01
05/05/2011,1.06
05/06/2011,0.97
05/09/2011,0.79
05/10/2011,0.8
05/11/2011,0.95
05/12/2011,0.86
5/13/2011,0.92
5/16/2011,0.94
5/17/2011,1.14
5/18/2011,0.96
5/19/2011,0.96
5/20/2011,1.05
5/23/2011,1.04
5/24/2011,0.8
5/25/2011,0.73
5/26/2011,0.91
5/27/2011,0.71
5/31/2011,0.76
06/01/2011,1.09
06/02/2011,1.06
06/03/2011,1.23
06/06/2011,1.11
06/07/2011,1.05
06/08/2011,1.16
06/09/2011,1.02
06/10/2011,1.17
6/13/2011,1.07
6/14/2011,1.02
6/15/2011,1.37
6/16/2011,1.12
6/17/2011,1.2
6/20/2011,0.88
6/21/2011,0.95
6/22/2011,0.84
6/23/2011,1.03
6/24/2011,1.07
6/27/2011,0.84
6/28/2011,0.9
6/29/2011,1.02
6/30/2011,0.93
07/01/2011,0.86
07/05/2011,1.11
07/06/2011,1.04
07/07/2011,0.84
07/08/2011,1.01
07/11/2011,1.15
07/12/2011,1.09
7/13/2011,1
7/14/2011,1.05
7/15/2011,1.07
7/18/2011,0.95
7/19/2011,0.67
7/20/2011,0.79
7/21/2011,0.75
7/22/2011,0.84
7/25/2011,0.91
7/26/2011,0.8
7/27/2011,1.1
7/28/2011,0.91
7/29/2011,1.17
08/01/2011,1.13
08/02/2011,1.15
08/03/2011,1.28
08/04/2011,1.3
08/05/2011,1.21
08/08/2011,1.35
08/09/2011,1.39
08/10/2011,1.21
08/11/2011,1.01
08/12/2011,1.08
8/15/2011,1.12
8/16/2011,1.05
8/17/2011,1.34
8/18/2011,1.48
8/19/2011,1.33
8/22/2011,1.09
8/23/2011,1.02
8/24/2011,1.18
8/25/2011,1.26
8/26/2011,1.17
8/29/2011,0.99
8/30/2011,1.15
8/31/2011,1.21
09/01/2011,1.08
09/02/2011,1.41
09/06/2011,1.26
09/07/2011,0.89
09/08/2011,1.13
09/09/2011,1.32
09/12/2011,1.24
9/13/2011,1.17
9/14/2011,1.04
9/15/2011,1.01
9/16/2011,1.02
9/19/2011,0.98
9/20/2011,1.11
9/21/2011,1.25
9/22/2011,1.25
9/23/2011,1.11
9/26/2011,1
9/27/2011,1.11
9/28/2011,1.43
9/29/2011,1.18
9/30/2011,1.25
10/03/2011,1.28
10/04/2011,1.18
10/05/2011,1.09
10/06/2011,1.24
10/07/2011,1.23
10/10/2011,1.35
10/11/2011,1.39
10/12/2011,1.27
10/13/2011,1.04
10/14/2011,0.97
10/17/2011,1.16
10/18/2011,1.01
10/19/2011,1.11
10/20/2011,1.35
10/21/2011,0.85
10/24/2011,0.94
10/25/2011,1.04
10/26/2011,0.99
10/27/2011,0.9
10/28/2011,0.98
10/31/2011,1.28
11/01/2011,1.34
11/02/2011,1.15
11/03/2011,1.07
11/04/2011,1.13
11/07/2011,0.99
11/08/2011,1.24
11/09/2011,1.32
11/10/2011,1.16
11/11/2011,0.93
11/14/2011,1.14
11/15/2011,1.09
11/16/2011,1.37
11/17/2011,1.28
11/18/2011,0.88
11/21/2011,1.05
11/22/2011,1.03
11/23/2011,1.26
11/25/2011,1.27
11/28/2011,0.89
11/29/2011,0.96
11/30/2011,0.9
12/01/2011,0.92
12/02/2011,0.96
12/05/2011,0.96
12/06/2011,0.88
12/07/2011,0.9
12/08/2011,0.95
12/09/2011,1.18
12/12/2011,1.1
12/13/2011,1.14
12/14/2011,1.1
12/15/2011,1.22
12/16/2011,1.15
12/19/2011,0.86
12/20/2011,0.81
12/21/2011,1.05
12/22/2011,0.99
12/23/2011,0.86
12/27/2011,0.99
12/28/2011,0.92
12/29/2011,1.08
12/30/2011,0.86
01/03/2012,0.76
01/04/2012,0.97
01/05/2012,0.82
01/06/2012,0.96
01/09/2012,0.91
01/10/2012,0.8
01/11/2012,0.79
01/12/2012,0.84
1/13/2012,0.74
1/17/2012,0.83
1/18/2012,0.83
1/19/2012,0.7
1/20/2012,0.79
1/23/2012,1.07
1/24/2012,1.02
1/25/2012,0.77
1/26/2012,0.98
1/27/2012,0.88
1/30/2012,0.91
1/31/2012,0.87
02/01/2012,0.83
02/02/2012,0.87
02/03/2012,0.77
02/06/2012,0.83
02/07/2012,0.74
02/08/2012,0.83
02/09/2012,0.84
02/10/2012,1.1
2/13/2012,0.88
2/14/2012,0.96
2/15/2012,1.08
2/16/2012,0.87
2/17/2012,0.75
2/21/2012,0.86
2/22/2012,0.9
2/23/2012,0.98
2/24/2012,1.06
2/27/2012,0.9
2/28/2012,0.78
2/29/2012,1.04
03/01/2012,1
03/02/2012,0.95
03/05/2012,0.93
03/06/2012,1.05
03/07/2012,0.96
03/08/2012,0.94
03/09/2012,0.89
03/12/2012,1.06
3/13/2012,0.85
3/14/2012,0.82
3/15/2012,0.7
3/16/2012,0.77
3/19/2012,0.84
3/20/2012,0.86
3/21/2012,0.97
3/22/2012,1.07
3/23/2012,1.05
3/26/2012,1.04
3/27/2012,0.95
3/28/2012,1.02
3/29/2012,1.04
3/30/2012,0.98
04/02/2012,0.82
04/03/2012,0.93
04/04/2012,0.97
04/05/2012,0.94
04/09/2012,1.01
04/10/2012,0.97
04/11/2012,1.08
04/12/2012,0.86
4/13/2012,0.95
4/16/2012,1
4/17/2012,0.86
4/18/2012,0.99
4/19/2012,1.02
4/20/2012,0.88
4/23/2012,0.81
4/24/2012,0.89
4/25/2012,0.76
4/26/2012,0.84
4/27/2012,0.85
4/30/2012,0.87
05/01/2012,0.9
05/02/2012,1
05/03/2012,0.94
05/04/2012,1.04
05/07/2012,0.89
05/08/2012,1.13
05/09/2012,0.99
05/10/2012,1.06
05/11/2012,1.24
5/14/2012,1.24
5/15/2012,1.16
5/16/2012,1.24
5/17/2012,1.44
5/18/2012,1.33
5/21/2012,0.92
5/22/2012,1
5/23/2012,0.97
5/24/2012,0.97
5/25/2012,1.09
5/29/2012,0.96
5/30/2012,1.24
5/31/2012,1.07
06/01/2012,1.36
06/04/2012,0.97
06/05/2012,1.01
06/06/2012,1.13
06/07/2012,0.98
06/08/2012,0.96
06/11/2012,0.94
06/12/2012,1.14
06/13/2012,1.28
06/14/2012,1.03
06/15/2012,1.02
06/18/2012,1
06/19/2012,1.08
06/20/2012,0.94
06/21/2012,1.12
06/22/2012,0.99
06/25/2012,1.15
06/26/2012,1
06/27/2012,0.93
06/28/2012,0.98
06/29/2012,0.89
07/02/2012,1.04
07/03/2012,0.91
07/05/2012,0.86
07/06/2012,1.09
07/09/2012,0.99
07/10/2012,1.1
07/11/2012,0.96
07/12/2012,0.98
07/13/2012,1
07/16/2012,0.93
07/17/2012,0.84
07/18/2012,0.85
07/19/2012,0.86
07/20/2012,1
07/23/2012,0.84
07/24/2012,0.88
07/25/2012,0.94
07/26/2012,0.98
07/27/2012,0.89
07/30/2012,0.78
07/31/2012,0.81
08/01/2012,0.95
08/02/2012,0.93
08/03/2012,0.83
08/06/2012,0.8
08/07/2012,0.81
08/08/2012,0.8
08/09/2012,0.86
08/10/2012,0.99
08/13/2012,0.8
08/14/2012,0.82
08/15/2012,0.75
08/16/2012,0.84
08/17/2012,0.75
08/20/2012,0.99
08/21/2012,0.9
08/22/2012,0.97
08/23/2012,0.93
08/24/2012,0.85
08/27/2012,0.87
08/28/2012,0.83
08/29/2012,1.03
08/30/2012,1.06
08/31/2012,0.91
09/04/2012,0.89
09/05/2012,0.92
09/06/2012,0.86
09/07/2012,0.74
09/10/2012,0.79
09/11/2012,0.79
09/12/2012,0.74
09/13/2012,0.77
09/14/2012,0.69
09/17/2012,0.85
09/18/2012,0.79
09/19/2012,0.68
09/20/2012,0.85
09/21/2012,0.8
09/24/2012,0.79
09/25/2012,0.93
09/26/2012,0.9
09/27/2012,0.82
09/28/2012,0.99
10/01/2012,0.87
10/02/2012,0.74
10/03/2012,0.92
10/04/2012,0.81
10/05/2012,0.94
10/08/2012,0.84
10/09/2012,1
10/10/2012,1
10/11/2012,0.89
10/12/2012,1.05
10/15/2012,0.77
10/16/2012,0.81
10/17/2012,0.79
10/18/2012,0.88
10/19/2012,1.12
10/22/2012,0.94
10/23/2012,1.06
10/24/2012,0.91
10/25/2012,0.85
10/26/2012,0.99
10/31/2012,0.86
11/01/2012,0.95
11/02/2012,0.92
11/05/2012,0.81
11/06/2012,0.96
11/07/2012,1.21
11/08/2012,1.13
11/09/2012,1.17
11/12/2012,0.99
11/13/2012,0.83
11/14/2012,1.12
11/15/2012,1.24
11/16/2012,1.03
11/19/2012,0.75
11/20/2012,1.1
11/21/2012,0.86
11/23/2012,0.89
11/26/2012,0.63
11/27/2012,0.85
11/28/2012,0.83
11/29/2012,1.01
11/30/2012,1.16
12/03/2012,0.82
12/04/2012,1.04
12/05/2012,0.87
12/06/2012,0.92
12/07/2012,0.8
12/10/2012,0.9
12/11/2012,0.84
12/12/2012,0.89
12/13/2012,0.84
12/14/2012,0.89
12/17/2012,0.71
12/18/2012,0.85
12/19/2012,0.97
12/20/2012,0.86
12/21/2012,1.05
12/24/2012,0.97
12/26/2012,0.96
12/27/2012,1.06
12/28/2012,1.08
12/31/2012,1.02
01/02/2013,0.97
01/03/2013,0.84
01/04/2013,0.82
01/07/2013,0.89
01/08/2013,0.95
01/09/2013,0.85
01/10/2013,0.78
01/11/2013,0.72
01/14/2013,0.81
01/15/2013,1.03
01/16/2013,0.87
01/17/2013,0.79
01/18/2013,0.75
01/22/2013,0.94
01/23/2013,0.89
01/24/2013,0.88
01/25/2013,0.88
01/28/2013,0.97
01/29/2013,0.97
01/30/2013,0.95
01/31/2013,0.91
02/01/2013,0.9
02/04/2013,1.1
02/05/2013,0.95
02/06/2013,0.97
02/07/2013,1.03
02/08/2013,0.9
02/11/2013,1.07
02/12/2013,0.92
02/13/2013,0.91
02/14/2013,0.83
02/15/2013,0.88
02/19/2013,0.99
02/20/2013,1.14
02/21/2013,1.1
02/22/2013,0.9
02/25/2013,1.15
02/26/2013,1.1
02/27/2013,0.99
02/28/2013,0.98
03/01/2013,1.17
03/04/2013,1.12
03/05/2013,1.12
03/06/2013,0.71
03/07/2013,0.83
03/08/2013,0.9
03/11/2013,0.93
03/12/2013,1.08
03/13/2013,0.78
03/14/2013,0.73
03/15/2013,0.85
03/18/2013,0.91
03/19/2013,0.97
03/20/2013,0.74
03/21/2013,0.86
03/22/2013,0.92
03/25/2013,0.89
03/26/2013,0.79
03/27/2013,0.92
03/28/2013,0.9
04/01/2013,1
04/02/2013,0.87
04/03/2013,1.06
04/04/2013,1.09
04/05/2013,1
04/08/2013,0.9
04/09/2013,0.67
04/10/2013,0.85
04/11/2013,0.87
04/12/2013,1.15
04/15/2013,1.09
04/16/2013,0.88
04/17/2013,1.19
04/18/2013,1.18
04/19/2013,1.1
04/22/2013,1.03
04/23/2013,0.9
04/24/2013,0.79
04/25/2013,0.97
04/26/2013,0.89
04/29/2013,0.9
04/30/2013,0.89
05/01/2013,1.03
05/02/2013,0.91
05/03/2013,0.9
05/06/2013,0.78
05/07/2013,0.89
05/08/2013,0.88
05/09/2013,1
05/10/2013,0.75
05/13/2013,0.87
05/14/2013,0.81
05/15/2013,0.78
05/16/2013,0.99
05/17/2013,0.81
05/20/2013,0.79
05/21/2013,0.92
05/22/2013,1.03
05/23/2013,1.01
05/24/2013,1.26
05/28/2013,0.98
05/29/2013,0.86
05/30/2013,0.86
05/31/2013,1.19
06/03/2013,0.92
06/04/2013,1.16
06/05/2013,1.18
06/06/2013,1.22
06/07/2013,1.13
06/10/2013,1.08
06/11/2013,1.04
06/12/2013,1.2
06/13/2013,0.98
06/14/2013,1.19
06/17/2013,0.96
06/18/2013,0.86
06/19/2013,1.11
06/20/2013,1.39
06/21/2013,1.17
06/24/2013,1.01
06/25/2013,1.08
06/26/2013,0.85
06/27/2013,1.02
06/28/2013,0.96
07/01/2013,0.91
07/02/2013,1.04
07/03/2013,1.14
07/05/2013,0.97
07/08/2013,1.04
07/09/2013,1.01
07/10/2013,1.04
07/11/2013,1.01
07/12/2013,0.9
07/15/2013,0.83
07/16/2013,0.97
07/17/2013,0.92
07/18/2013,0.74
07/19/2013,0.79
07/22/2013,0.93
07/23/2013,0.93
07/24/2013,0.96
07/25/2013,0.96
07/26/2013,0.98
07/29/2013,0.84
07/30/2013,0.78
07/31/2013,0.88
08/01/2013,0.85
08/02/2013,0.88
08/05/2013,0.85
08/06/2013,0.9
08/07/2013,0.96
08/08/2013,0.76
08/09/2013,0.9
08/12/2013,0.77
08/13/2013,0.77
08/14/2013,0.79
08/15/2013,0.96
08/16/2013,0.93
08/19/2013,0.93
08/20/2013,0.9
08/21/2013,0.97
08/22/2013,0.82
08/23/2013,0.81
08/26/2013,0.9
08/27/2013,1.02
08/28/2013,0.81
08/29/2013,0.96
08/30/2013,1.12
09/03/2013,0.75
09/04/2013,0.77
09/05/2013,0.82
09/06/2013,0.86
09/09/2013,0.65
09/10/2013,0.76
09/11/2013,0.92
09/12/2013,0.86
09/13/2013,0.77
09/16/2013,0.91
09/17/2013,0.8
09/18/2013,0.84
09/19/2013,0.76
09/20/2013,1.05
09/23/2013,0.99
09/24/2013,0.87
09/25/2013,0.96
09/26/2013,0.7
09/27/2013,0.94
09/30/2013,1.11
10/01/2013,0.85
10/02/2013,0.77
10/03/2013,0.99
10/04/2013,0.87
10/07/2013,0.92
10/08/2013,0.97
10/09/2013,1.3
10/10/2013,0.93
10/11/2013,0.95
10/14/2013,0.9
10/15/2013,0.99
10/16/2013,0.93
10/17/2013,0.87
10/18/2013,0.69
10/21/2013,0.81
10/22/2013,0.84
10/23/2013,0.86
10/24/2013,0.81
10/25/2013,0.93
10/28/2013,0.78
10/29/2013,0.74
10/30/2013,0.98
10/31/2013,0.9
11/01/2013,0.92
11/04/2013,0.76
11/05/2013,0.78
11/06/2013,0.91
11/07/2013,0.92
11/08/2013,0.86
11/11/2013,0.82
11/12/2013,0.84
11/13/2013,0.83
11/14/2013,0.83
11/15/2013,0.75
11/18/2013,0.79
11/19/2013,0.82
11/20/2013,0.96
11/21/2013,0.79
11/22/2013,0.94
11/25/2013,0.77
11/26/2013,0.74
11/27/2013,0.81
11/29/2013,0.81
12/02/2013,0.75
12/03/2013,0.87
12/04/2013,0.89
12/05/2013,0.77
12/06/2013,0.87
12/09/2013,0.94
12/10/2013,0.76
12/11/2013,0.95
12/12/2013,0.7
12/13/2013,0.85
12/16/2013,0.8
12/17/2013,0.88
12/18/2013,0.85
12/19/2013,0.75
12/20/2013,0.75
12/23/2013,0.61
12/24/2013,0.6
12/26/2013,0.65
12/27/2013,0.73
12/30/2013,0.73
12/31/2013,0.66
01/02/2014,0.82
01/03/2014,0.9
01/06/2014,0.69
01/07/2014,0.7
01/08/2014,0.71
01/09/2014,0.72
01/10/2014,0.76
01/13/2014,0.72
01/14/2014,0.68
01/15/2014,0.75
01/16/2014,0.78
01/17/2014,0.71
01/21/2014,0.76
01/22/2014,0.82
01/23/2014,0.88
01/24/2014,0.92
01/27/2014,0.87
01/28/2014,0.8
01/29/2014,0.97
01/30/2014,0.83
01/31/2014,0.86
02/03/2014,0.8
02/04/2014,0.99
02/05/2014,0.97
02/06/2014,0.92
02/07/2014,0.82
02/10/2014,0.94
02/11/2014,0.84
02/12/2014,0.85
02/13/2014,0.79
02/14/2014,0.83
02/18/2014,0.76
02/19/2014,0.9
02/20/2014,0.86
02/21/2014,0.69
02/24/2014,0.78
02/25/2014,0.83
02/26/2014,0.85
02/27/2014,0.89
02/28/2014,0.82
03/03/2014,0.9
03/04/2014,0.8
03/05/2014,0.77
03/06/2014,0.83
03/07/2014,0.82
03/10/2014,0.83
03/11/2014,0.81
03/12/2014,0.96
03/13/2014,1.04
03/14/2014,0.79
03/17/2014,0.84
03/18/2014,0.74
03/19/2014,0.82
03/20/2014,0.76
03/21/2014,0.9
03/24/2014,1
03/25/2014,0.75
03/26/2014,1.02
03/27/2014,0.84
03/28/2014,0.96
03/31/2014,0.96
04/01/2014,0.99
04/02/2014,0.66
04/03/2014,0.88
04/04/2014,0.94
04/07/2014,0.97
04/08/2014,0.91
04/09/2014,0.61
04/10/2014,1.03
04/11/2014,1.15
04/14/2014,0.75
04/15/2014,0.93
04/16/2014,0.91
04/17/2014,0.85
04/21/2014,0.76
04/22/2014,0.73
04/23/2014,1.01
04/24/2014,0.79
04/25/2014,1.14
04/28/2014,0.9
04/29/2014,0.9
04/30/2014,0.77
05/01/2014,0.81
05/02/2014,0.95
05/05/2014,0.87
05/06/2014,0.89
05/07/2014,0.86
05/08/2014,0.94
05/09/2014,0.94
05/12/2014,0.64
05/13/2014,0.88
05/14/2014,1.08
05/15/2014,1.01
05/16/2014,0.89
05/19/2014,0.81
05/20/2014,0.92
05/21/2014,0.87
05/22/2014,0.87
05/23/2014,0.76
05/27/2014,0.74
05/28/2014,0.9
05/29/2014,0.72
05/30/2014,0.89
06/02/2014,0.73
06/03/2014,0.95
06/04/2014,0.75
06/05/2014,0.75
06/06/2014,0.92
06/09/2014,0.83
06/10/2014,0.7
06/11/2014,0.74
06/12/2014,0.8
06/13/2014,0.77
06/16/2014,0.71
06/17/2014,0.81
06/18/2014,0.77
06/19/2014,0.68
06/20/2014,0.78
06/23/2014,0.81
06/24/2014,0.85
06/25/2014,0.87
06/26/2014,0.93
06/27/2014,0.84
06/30/2014,0.85
07/01/2014,0.92
07/02/2014,0.88
07/03/2014,1.02
07/07/2014,1
07/08/2014,0.9
07/09/2014,0.84
07/10/2014,1.06
07/11/2014,0.89
07/14/2014,0.88
07/15/2014,0.81
07/16/2014,0.8
07/17/2014,1
07/18/2014,0.91
07/21/2014,0.9
07/22/2014,0.92
07/23/2014,0.76
07/24/2014,0.91
07/25/2014,0.95
07/28/2014,0.91
07/29/2014,0.86
07/30/2014,0.96
07/31/2014,0.99
08/01/2014,1.24
08/04/2014,1.16
08/05/2014,1.18
08/06/2014,1.13
08/07/2014,1
08/08/2014,1.09
08/11/2014,0.74
08/12/2014,1.08
08/13/2014,0.94
08/14/2014,0.92
08/15/2014,1.01
08/18/2014,0.88
08/19/2014,0.9
08/20/2014,0.86
08/21/2014,0.72
08/22/2014,0.93
08/25/2014,0.89
08/26/2014,0.8
08/27/2014,0.88
08/28/2014,1.3
08/29/2014,0.96
09/02/2014,0.82
09/03/2014,1
09/04/2014,0.97
09/05/2014,1.03
09/08/2014,0.88
09/09/2014,0.89
09/10/2014,0.94
09/11/2014,1.01
09/12/2014,0.89
09/15/2014,0.86
09/16/2014,0.89
09/17/2014,0.96
09/18/2014,0.91
09/19/2014,0.83
09/22/2014,1.05
09/23/2014,1.01
09/24/2014,0.88
09/25/2014,1.15
09/26/2014,1.13
09/29/2014,0.89
09/30/2014,1.13
10/01/2014,1.29
10/02/2014,1.02
10/03/2014,0.92
10/06/2014,0.99
10/07/2014,0.99
10/08/2014,0.99
10/09/2014,0.97
10/10/2014,1.2
10/13/2014,1.53
10/14/2014,1.05
10/15/2014,1.3
10/16/2014,1.01
10/17/2014,1.2
10/20/2014,0.88
10/21/2014,1.03
10/22/2014,1.14
10/23/2014,0.82
10/24/2014,0.9
10/27/2014,0.97
10/28/2014,1
10/29/2014,1.03
10/30/2014,0.96
10/31/2014,0.77
11/03/2014,0.84
11/04/2014,0.89
11/05/2014,0.89
11/06/2014,0.91
11/07/2014,0.95
11/10/2014,1.05
11/11/2014,0.99
11/12/2014,0.81
11/13/2014,0.95
11/14/2014,0.92
11/17/2014,0.84
11/18/2014,0.88
11/19/2014,0.93
11/20/2014,0.96
11/21/2014,0.75
11/24/2014,0.79
11/25/2014,0.98
11/26/2014,0.84
11/28/2014,1.09
12/01/2014,0.99
12/02/2014,1.13
12/03/2014,0.78
12/04/2014,1.06
12/05/2014,1.03
12/08/2014,1.04
12/09/2014,1.05
12/10/2014,0.96
12/11/2014,0.99
12/12/2014,1.13
12/15/2014,1.05
12/16/2014,0.98
12/17/2014,1.24
12/18/2014,0.78
12/19/2014,0.88
12/22/2014,0.75
12/23/2014,0.86
12/24/2014,0.89
12/26/2014,0.73
12/29/2014,0.85
12/30/2014,0.99
12/31/2014,0.94
01/02/2015,1.22
01/05/2015,1.23
01/06/2015,1.11
01/07/2015,0.97
01/08/2015,0.85
01/09/2015,0.99
01/12/2015,1.06
01/13/2015,0.9
01/14/2015,1.16
01/15/2015,1.03
01/16/2015,0.91
01/20/2015,0.8
01/21/2015,1.07
01/22/2015,0.98
01/23/2015,1.28
01/26/2015,0.9
01/27/2015,1.09
01/28/2015,0.97
01/29/2015,1.15
01/30/2015,1.14
02/02/2015,1.06
02/03/2015,0.95
02/04/2015,0.95
02/05/2015,0.96
02/06/2015,1.02
02/09/2015,1.07
02/10/2015,0.97
02/11/2015,0.96
02/12/2015,0.87
02/13/2015,0.97
02/17/2015,0.95
02/18/2015,0.96
02/19/2015,0.89
02/20/2015,0.79
02/23/2015,0.87
02/24/2015,1
02/25/2015,1
02/26/2015,1.02
02/27/2015,1.02
03/02/2015,1.02
03/03/2015,0.98
03/04/2015,0.91
03/05/2015,0.95
03/06/2015,1.28
03/09/2015,1.11
03/10/2015,1.09
03/11/2015,1.11
03/12/2015,1.05
03/13/2015,1.21
03/16/2015,1.02
03/17/2015,0.95
03/18/2015,0.98
03/19/2015,0.89
03/20/2015,0.81
03/23/2015,0.88
03/24/2015,1.04
03/25/2015,1.08
03/26/2015,0.97
03/27/2015,1.07
03/30/2015,0.93
03/31/2015,1.08
04/01/2015,1.14
04/02/2015,1.12
04/06/2015,0.87
04/07/2015,1
04/08/2015,0.95
04/09/2015,1.04
04/10/2015,0.85
04/13/2015,0.89
04/14/2015,1.08
04/15/2015,0.78
04/16/2015,0.86
04/17/2015,1.12
04/20/2015,0.79
04/21/2015,0.9
04/22/2015,0.94
04/23/2015,1.03
04/24/2015,0.76
04/27/2015,0.88
04/28/2015,0.91
04/29/2015,0.94
04/30/2015,1.05
05/01/2015,0.97
05/04/2015,0.95
05/05/2015,1.24
05/06/2015,1.02
05/07/2015,0.94
05/08/2015,0.86
05/11/2015,0.56
05/12/2015,1.06
05/13/2015,0.86
05/14/2015,0.79
05/15/2015,0.83
05/18/2015,0.97
05/19/2015,1.03
05/20/2015,0.85
05/21/2015,0.93
05/22/2015,0.89
05/26/2015,1.14
05/27/2015,1.07
05/28/2015,1.08
05/29/2015,1.16
06/01/2015,0.85
06/02/2015,0.94
06/03/2015,0.91
06/04/2015,1.16
06/05/2015,1.04
06/08/2015,1.01
06/09/2015,0.9
06/10/2015,0.62
06/11/2015,0.84
06/12/2015,1.06
06/15/2015,0.89
06/16/2015,0.75
06/17/2015,0.85
06/18/2015,0.89
06/19/2015,0.93
06/22/2015,0.89
06/23/2015,0.97
06/24/2015,0.9
06/25/2015,1.08
06/26/2015,1.06
06/29/2015,1.38
06/30/2015,1.1
07/01/2015,1.15
07/02/2015,1
07/06/2015,1.15
07/07/2015,1.24
07/08/2015,1.45
07/09/2015,1.16
07/10/2015,1.02
07/13/2015,0.57
07/14/2015,0.97
07/15/2015,0.97
07/16/2015,0.88
07/17/2015,0.85
07/20/2015,0.91
07/21/2015,0.91
07/22/2015,0.85
07/23/2015,1.03
07/24/2015,1.41
07/27/2015,1.22
07/28/2015,0.93
07/29/2015,0.9
07/30/2015,0.76
07/31/2015,1.11
08/03/2015,0.97
08/04/2015,0.93
08/05/2015,0.98
08/06/2015,1.3
08/07/2015,1.23
08/10/2015,0.56
08/11/2015,1.1
08/12/2015,1.04
08/13/2015,0.96
08/14/2015,1.01
08/17/2015,0.89
08/18/2015,0.94
08/19/2015,1.11
08/20/2015,1.33
08/21/2015,1.69
08/24/2015,1.28
08/25/2015,1.25
08/26/2015,1.04
08/27/2015,1.2
08/28/2015,1.28
08/31/2015,1.19
09/01/2015,1.24
09/02/2015,1.31
09/03/2015,1.12
09/04/2015,1.48
09/08/2015,0.93
09/09/2015,1.03
09/10/2015,1.19
09/11/2015,1.21
09/14/2015,1.03
09/15/2015,1.17
09/16/2015,1.2
09/17/2015,0.92
09/18/2015,1.14
09/21/2015,1
09/22/2015,1.16
09/23/2015,1.05
09/24/2015,1.03
09/25/2015,1.3
09/28/2015,1.44
09/29/2015,1.37
09/30/2015,0.84
10/01/2015,0.97
10/02/2015,1.09
10/05/2015,1.01
10/06/2015,0.93
10/07/2015,1.09
10/08/2015,0.93
10/09/2015,0.87
10/12/2015,0.94
10/13/2015,0.9
10/14/2015,0.96
10/15/2015,1.11
10/16/2015,0.87
10/19/2015,0.89
10/20/2015,0.99
10/21/2015,0.96
10/22/2015,0.91
10/23/2015,0.77
10/26/2015,0.95
10/27/2015,0.99
10/28/2015,0.77
10/29/2015,0.86
10/30/2015,0.95
11/02/2015,0.88
11/03/2015,0.95
11/04/2015,1
11/05/2015,1.06
11/06/2015,1.04
11/09/2015,1.1
11/10/2015,1
11/11/2015,0.88
11/12/2015,1.22
11/13/2015,1.16
11/16/2015,0.88
11/17/2015,0.88
11/18/2015,1.02
11/19/2015,0.95
11/20/2015,0.94
11/23/2015,1.03
11/24/2015,1.06
11/25/2015,1.04
11/27/2015,1.12
11/30/2015,1.17
12/01/2015,1.07
12/02/2015,1.04
12/03/2015,1.12
12/04/2015,0.9
12/07/2015,1.01
12/08/2015,1.08
12/09/2015,0.93
12/10/2015,1.25
12/11/2015,1.08
12/14/2015,0.91
12/15/2015,0.88
12/16/2015,0.75
12/17/2015,0.98
12/18/2015,1.03
12/21/2015,0.84
12/22/2015,0.92
12/23/2015,0.84
12/24/2015,0.92
12/28/2015,1.31
12/29/2015,0.82
12/30/2015,1
12/31/2015,1.04
01/04/2016,1.08
01/05/2016,1
01/06/2016,1.03
01/07/2016,1.38
01/08/2016,1.34
01/11/2016,1.13
01/12/2016,1.02
01/13/2016,1.2
01/14/2016,1.02
01/15/2016,1.52
01/19/2016,0.9
01/20/2016,1.18
01/21/2016,1.1
01/22/2016,1.11
01/25/2016,1.03
01/26/2016,0.88
01/27/2016,0.95
01/28/2016,0.87
01/29/2016,0.91
02/01/2016,1.02
02/02/2016,1.03
02/03/2016,0.85
02/04/2016,0.94
02/05/2016,0.97
02/08/2016,1.16
02/09/2016,0.92
02/10/2016,1.09
02/11/2016,0.96
02/12/2016,0.92
02/16/2016,0.95
02/17/2016,1.12
02/18/2016,1.07
02/19/2016,1.06
02/22/2016,0.94
02/23/2016,1.12
02/24/2016,1.05
02/25/2016,0.93
02/26/2016,1
02/29/2016,1.21
03/01/2016,0.89
03/02/2016,0.8
03/03/2016,0.77
03/04/2016,0.84
03/07/2016,0.85
03/08/2016,0.98
03/09/2016,0.92
03/10/2016,0.99
03/11/2016,1.01
03/14/2016,0.91
03/15/2016,0.9
03/16/2016,0.9
03/17/2016,0.68
03/18/2016,0.78
03/21/2016,0.89
03/22/2016,1.07
03/23/2016,1.04
03/24/2016,1.06
03/28/2016,0.78
03/29/2016,0.97
03/30/2016,1.13
03/31/2016,1.15
04/01/2016,0.96
04/04/2016,0.97
04/05/2016,1.13
04/06/2016,0.99
04/07/2016,1.02
04/08/2016,1
04/11/2016,0.87
04/12/2016,0.93
04/13/2016,0.61
04/14/2016,0.86
04/15/2016,0.8
04/18/2016,0.98
04/19/2016,0.62
04/20/2016,0.88
04/21/2016,1.17
04/22/2016,0.98
04/25/2016,0.76
04/26/2016,0.8
04/27/2016,1.02
04/28/2016,1
04/29/2016,1.16
05/02/2016,1.08
05/03/2016,1.1
05/04/2016,1.09
05/05/2016,1.2
05/06/2016,1.19
05/09/2016,1.14
05/10/2016,1.07
05/11/2016,0.93
05/12/2016,1.28
05/13/2016,1.15
05/16/2016,0.77
05/17/2016,1.21
05/18/2016,1.02
05/19/2016,1.37
05/20/2016,1.04
05/23/2016,1.01
05/24/2016,1.01
05/25/2016,0.97
05/26/2016,0.93
05/27/2016,0.9
05/31/2016,0.93
06/01/2016,1.04
06/02/2016,0.91
06/03/2016,0.88
06/06/2016,0.74
06/07/2016,0.85
06/08/2016,0.86
06/09/2016,0.94
06/10/2016,1.09
06/13/2016,0.92
06/14/2016,1.03
06/15/2016,1.17
06/16/2016,1.39
06/17/2016,1.11
06/20/2016,0.99
06/21/2016,1.01
06/22/2016,1.04
06/23/2016,1.28
06/24/2016,1.24
06/27/2016,1.29
06/28/2016,1.14
06/29/2016,1.17
06/30/2016,1.23
07/01/2016,0.92
07/05/2016,1.24
07/06/2016,1.01
07/07/2016,0.86
07/08/2016,0.73
07/11/2016,0.76
07/12/2016,0.79
07/13/2016,0.89
07/14/2016,0.62
07/15/2016,0.85
07/18/2016,0.92
07/19/2016,0.92
07/20/2016,0.79
07/21/2016,0.95
07/22/2016,0.82
07/25/2016,0.91
07/26/2016,0.92
07/27/2016,0.92
07/28/2016,0.9
07/29/2016,1.2
08/01/2016,1.35
08/02/2016,1.15
08/03/2016,0.94
08/04/2016,0.93
08/05/2016,0.92
08/08/2016,0.98
08/09/2016,0.91
08/10/2016,0.87
08/11/2016,0.95
08/12/2016,0.76
08/15/2016,0.78
08/16/2016,1.03
08/17/2016,0.9
08/18/2016,0.86
08/19/2016,0.84
08/22/2016,0.9
08/23/2016,0.86
08/24/2016,0.93
08/25/2016,1.15
08/26/2016,1.04
08/29/2016,0.93
08/30/2016,0.97
08/31/2016,1.2
09/01/2016,1.01
09/02/2016,0.96
09/06/2016,0.87
09/07/2016,0.89
09/08/2016,0.97
09/09/2016,1.18
09/12/2016,1
09/13/2016,0.98
09/14/2016,1.09
09/15/2016,0.84
09/16/2016,1
09/19/2016,0.79
09/20/2016,0.98
09/21/2016,1
09/22/2016,0.97
09/23/2016,1.05
09/26/2016,1.15
09/27/2016,0.99
09/28/2016,0.9
09/29/2016,1.04
09/30/2016,1.01
10/03/2016,1.06
10/04/2016,0.9
10/05/2016,0.77
10/06/2016,1
10/07/2016,1.18
10/10/2016,0.93
10/11/2016,1.12
10/12/2016,1.06
10/13/2016,0.97
10/14/2016,0.94
10/17/2016,0.97
10/18/2016,0.97
10/19/2016,0.95
10/20/2016,0.99
10/21/2016,0.97
10/24/2016,0.93
10/25/2016,0.97
10/26/2016,0.9
10/27/2016,0.84
10/28/2016,1.11
10/31/2016,1.06
11/01/2016,1.43
11/02/2016,1.31
11/03/2016,1.19
11/04/2016,1.37
11/07/2016,1.22
11/08/2016,1.48
11/09/2016,1.07
11/10/2016,0.89
11/11/2016,1.07
11/14/2016,0.91
11/15/2016,0.91
11/16/2016,1.02
11/17/2016,0.87
11/18/2016,0.94
11/21/2016,0.84
11/22/2016,1
11/23/2016,0.96
11/25/2016,0.8
11/28/2016,0.92
11/29/2016,0.96
11/30/2016,0.9
12/01/2016,0.95
12/02/2016,0.92
12/05/2016,0.86
12/06/2016,0.83
12/07/2016,0.84
12/08/2016,0.75
12/09/2016,0.82
12/12/2016,0.8
12/13/2016,0.6
12/14/2016,0.9
12/15/2016,0.85
12/16/2016,0.91
12/19/2016,1.17
12/20/2016,0.94
12/21/2016,0.92
12/22/2016,0.89
12/23/2016,0.86
12/27/2016,1.02
12/28/2016,0.91
12/29/2016,0.94
12/30/2016,1.09
01/03/2017,0.98
01/04/2017,0.87
01/05/2017,1.16
01/06/2017,0.97
01/09/2017,1
01/10/2017,0.89
01/11/2017,0.84
01/12/2017,1.07
01/13/2017,0.92
01/17/2017,0.95
01/18/2017,1.07
01/19/2017,0.94
01/20/2017,1
01/23/2017,0.95
01/24/2017,0.76
01/25/2017,0.72
01/26/2017,0.87
01/27/2017,1
01/30/2017,1.1
01/31/2017,1.03
02/01/2017,0.91
02/02/2017,0.86
02/03/2017,0.76
02/06/2017,1.05
02/07/2017,1.1
02/08/2017,0.97
02/09/2017,0.93
02/10/2017,0.98
02/13/2017,0.66
02/14/2017,0.7
02/15/2017,0.84
02/16/2017,0.89
02/17/2017,0.93
02/21/2017,0.82
02/22/2017,0.89
02/23/2017,0.83
02/24/2017,0.83
02/27/2017,0.83
02/28/2017,1.19
03/01/2017,0.87
03/02/2017,1.02
03/03/2017,0.94
03/06/2017,0.9
03/07/2017,0.84
03/08/2017,0.98
03/09/2017,1.12
03/10/2017,0.88
03/13/2017,0.94
03/14/2017,0.93
03/15/2017,0.71
03/16/2017,0.91
03/17/2017,0.96
03/20/2017,1.06
03/21/2017,1.01
03/22/2017,0.99
03/23/2017,1.13
03/24/2017,1.21
03/27/2017,1.09
03/28/2017,0.87
03/29/2017,0.83
03/30/2017,0.94
03/31/2017,1.19
04/03/2017,0.98
04/04/2017,1.12
04/05/2017,0.92
04/06/2017,0.9
04/07/2017,0.95
04/10/2017,1.05
04/11/2017,0.91
04/12/2017,0.95
04/13/2017,0.98
04/17/2017,0.85
04/18/2017,0.65
04/19/2017,0.74
04/20/2017,0.9
04/21/2017,1.04
04/24/2017,1.05
04/25/2017,0.83
04/26/2017,0.79
04/27/2017,0.92
04/28/2017,0.96
05/01/2017,0.85
05/02/2017,0.75
05/03/2017,1.09
05/04/2017,0.91
05/05/2017,1
05/08/2017,0.85
05/09/2017,0.74
05/10/2017,0.94
05/11/2017,0.91
05/12/2017,0.85
05/15/2017,0.75
05/16/2017,0.79
05/17/2017,1.09
05/18/2017,1.13
05/19/2017,0.99
05/22/2017,0.86
05/23/2017,0.9
05/24/2017,0.93
05/25/2017,0.86
05/26/2017,0.91
05/30/2017,0.94
05/31/2017,1.01
06/01/2017,1
06/02/2017,0.82
06/05/2017,0.74
06/06/2017,0.77
06/07/2017,0.9
06/08/2017,0.7
06/09/2017,1.06
06/12/2017,0.96
06/13/2017,0.97
06/14/2017,0.84
06/15/2017,0.98
06/16/2017,1.09
06/19/2017,0.8
06/20/2017,0.83
06/21/2017,0.89
06/22/2017,0.8
06/23/2017,0.96
06/26/2017,0.81
06/27/2017,0.77
06/28/2017,0.95
06/29/2017,0.98
06/30/2017,1.13
07/03/2017,0.96
07/05/2017,0.92
07/06/2017,1.12
07/07/2017,0.93
07/10/2017,0.91
07/11/2017,1.06
07/12/2017,0.71
07/13/2017,0.87
07/14/2017,0.84
07/17/2017,0.99
07/18/2017,0.87
07/19/2017,0.77
07/20/2017,0.74
07/21/2017,0.74
07/24/2017,0.82
07/25/2017,0.8
07/26/2017,0.74
07/27/2017,0.94
07/28/2017,0.83
07/31/2017,0.92
08/01/2017,0.88
08/02/2017,0.97
08/03/2017,1.01
08/04/2017,1
08/07/2017,0.93
08/08/2017,0.93
08/09/2017,1.06
08/10/2017,0.93
08/11/2017,0.97
08/14/2017,0.85
08/15/2017,0.95
08/16/2017,0.96
08/17/2017,1.07
08/18/2017,1.11
08/21/2017,0.99
08/22/2017,1.02
08/23/2017,0.94
08/24/2017,1.09
08/25/2017,1
08/28/2017,0.93
08/29/2017,0.77
08/30/2017,0.83
08/31/2017,1.06
09/01/2017,0.83
09/05/2017,1.17
09/06/2017,0.95
09/07/2017,1.13
09/08/2017,1.09
09/11/2017,0.93
09/12/2017,0.84
09/13/2017,0.81
09/14/2017,0.79
09/15/2017,1.08
09/18/2017,0.92
09/19/2017,0.76
09/20/2017,0.88
09/21/2017,0.84
09/22/2017,0.98
09/25/2017,0.7
09/26/2017,0.94
09/27/2017,0.83
09/28/2017,0.73
09/29/2017,1.05
10/02/2017,0.93
10/03/2017,0.72
10/04/2017,0.83
10/05/2017,0.84
10/06/2017,0.87
10/09/2017,0.98
10/10/2017,0.73
10/11/2017,0.9
10/12/2017,1.05
10/13/2017,0.85
10/16/2017,1.17
10/17/2017,0.82
10/18/2017,0.95
10/19/2017,0.97
10/20/2017,0.81
10/23/2017,0.98
10/24/2017,0.78
10/25/2017,1.16
10/26/2017,0.87
10/27/2017,0.88
10/30/2017,0.94
10/31/2017,0.87
11/01/2017,0.95
11/02/2017,0.87
11/03/2017,0.94
11/06/2017,0.92
11/07/2017,1.02
11/08/2017,0.97
11/09/2017,1.1
11/10/2017,1.18
11/13/2017,0.9
11/14/2017,0.9
11/15/2017,1.04
11/16/2017,0.95
11/17/2017,0.8
11/20/2017,0.92
11/21/2017,0.85
11/22/2017,0.93
11/24/2017,0.87
11/27/2017,0.72
11/28/2017,0.68
11/29/2017,0.71
11/30/2017,0.85
12/01/2017,0.78
12/04/2017,0.84
12/05/2017,0.83
12/06/2017,0.81
12/07/2017,0.84
12/08/2017,0.94
12/11/2017,0.82
12/12/2017,0.85
12/13/2017,0.75
12/14/2017,0.8
12/15/2017,0.97
12/18/2017,0.69
12/19/2017,0.87
12/20/2017,0.8
12/21/2017,0.84
12/22/2017,0.95
12/26/2017,0.99
12/27/2017,0.95
12/28/2017,1.13
12/29/2017,1.11
01/02/2018,0.88
01/03/2018,0.85
01/04/2018,0.82
01/05/2018,0.92
01/08/2018,0.65
01/09/2018,0.81
01/10/2018,0.72
01/11/2018,0.72
01/12/2018,0.74
01/16/2018,0.69
01/17/2018,0.79
01/18/2018,0.83
01/19/2018,0.86
01/22/2018,0.89
01/23/2018,0.64
01/24/2018,0.84
01/25/2018,0.8
01/26/2018,0.79
01/29/2018,0.74
01/30/2018,0.95
01/31/2018,0.9
02/01/2018,0.91
02/02/2018,0.9
02/05/2018,0.92
02/06/2018,0.99
02/07/2018,0.91
02/08/2018,1.14
02/09/2018,1.31
02/12/2018,0.94
02/13/2018,0.96
02/14/2018,1.17
02/15/2018,0.92
02/16/2018,0.93
02/20/2018,0.86
02/21/2018,1.06
02/22/2018,1.12
02/23/2018,1.01
02/26/2018,0.93
02/27/2018,1.04
02/28/2018,1.08
03/01/2018,1.29
03/02/2018,1.16
03/05/2018,1
03/06/2018,0.93
03/07/2018,1.05
03/08/2018,0.9
03/09/2018,0.81
03/12/2018,0.87
03/13/2018,0.87
03/14/2018,1.05
03/15/2018,0.89
03/16/2018,0.96
03/19/2018,1.02
03/20/2018,0.84
03/21/2018,1.16
03/22/2018,1.22
03/23/2018,1.54
03/26/2018,1.18
03/27/2018,1.07
03/28/2018,1.34
03/29/2018,0.95
04/02/2018,1.28
04/03/2018,1.04
04/04/2018,0.98
04/05/2018,0.85
04/06/2018,1.03
04/09/2018,0.98
04/10/2018,0.85
04/11/2018,1.02
04/12/2018,0.99
04/13/2018,0.98
04/16/2018,0.94
04/17/2018,0.96
04/18/2018,0.96
04/19/2018,0.97
04/20/2018,0.98
04/23/2018,0.93
04/24/2018,1.04
04/25/2018,0.96
04/26/2018,0.82
04/27/2018,0.88
04/30/2018,0.92
05/01/2018,1.11
05/02/2018,0.93
05/03/2018,1.02
05/04/2018,0.96
05/07/2018,0.93
05/08/2018,0.83
05/09/2018,0.84
05/10/2018,0.81
05/11/2018,0.98
05/14/2018,0.88
05/15/2018,1.11
05/16/2018,0.89
05/17/2018,0.83
05/18/2018,1.03
05/21/2018,0.82
05/22/2018,0.83
05/23/2018,0.99
05/24/2018,0.87
05/25/2018,0.92
05/29/2018,1.09
05/30/2018,0.98
05/31/2018,1.13
06/01/2018,0.86
06/04/2018,0.81
06/05/2018,0.77
06/06/2018,0.83
06/07/2018,0.92
06/08/2018,0.95
06/11/2018,0.74
06/12/2018,0.72
06/13/2018,0.74
06/14/2018,0.93
06/15/2018,0.93
06/18/2018,1.03
06/19/2018,0.84
06/20/2018,0.89
06/21/2018,1.03
06/22/2018,0.86
06/25/2018,1.1
06/26/2018,0.91
06/27/2018,1.08
06/28/2018,1.32
06/29/2018,1.24
07/02/2018,1.06
07/03/2018,1.07
07/05/2018,0.91
07/06/2018,1
07/09/2018,0.92
07/10/2018,0.98
07/11/2018,1.02
07/12/2018,0.92
07/13/2018,0.98
07/16/2018,0.99
07/17/2018,0.95
07/18/2018,0.85
07/19/2018,0.9
07/20/2018,0.98
07/23/2018,0.85
07/24/2018,0.91
07/25/2018,0.82
07/26/2018,0.74
07/27/2018,1.05
07/30/2018,1.12
07/31/2018,1
08/01/2018,1.02
08/02/2018,0.97
08/03/2018,0.9
08/06/2018,0.9
08/07/2018,0.92
08/08/2018,0.95
08/09/2018,0.85
08/10/2018,1.2
08/13/2018,1.08
08/14/2018,0.91
08/15/2018,1.16
08/16/2018,0.94
08/17/2018,1.04
08/20/2018,0.79
08/21/2018,0.81
08/22/2018,0.96
08/23/2018,1.03
08/24/2018,0.92
08/27/2018,0.74
08/28/2018,0.81
08/29/2018,0.85
08/30/2018,0.82
08/31/2018,1.03
09/04/2018,0.85
09/05/2018,0.99
09/06/2018,1.05
09/07/2018,1.17
09/10/2018,1.15
09/11/2018,0.88
09/12/2018,0.82
09/13/2018,0.84
09/14/2018,0.83
09/17/2018,0.92
09/18/2018,0.83
09/19/2018,0.95
09/20/2018,0.89
09/21/2018,0.98
09/24/2018,0.98
09/25/2018,0.88
09/26/2018,0.87
09/27/2018,0.94
09/28/2018,1.06
10/01/2018,1.01
10/02/2018,0.8
10/03/2018,0.86
10/04/2018,1.07
10/05/2018,1.18
10/08/2018,1.17
10/09/2018,0.94
10/10/2018,1.22
10/11/2018,1.18
10/12/2018,1.16
10/15/2018,0.96
10/16/2018,1.03
10/17/2018,1.17
10/18/2018,1.3
10/19/2018,1.14
10/22/2018,1.07
10/23/2018,1.04
10/24/2018,1.29
10/25/2018,1.03
10/26/2018,1.32
10/29/2018,1.27
10/30/2018,1.18
10/31/2018,1.12
11/01/2018,0.85
11/02/2018,0.93
11/05/2018,1.02
11/06/2018,1.12
11/07/2018,0.96
11/08/2018,0.97
11/09/2018,1.11
11/12/2018,1.19
11/13/2018,0.98
11/14/2018,1.22
11/15/2018,0.85
11/16/2018,0.94
11/19/2018,0.97
11/20/2018,0.92
11/21/2018,1.08
11/23/2018,1.12
11/26/2018,0.96
11/27/2018,0.92
11/28/2018,0.84
11/29/2018,0.89
11/30/2018,0.76
12/03/2018,0.76
12/04/2018,0.95
12/06/2018,1.08
12/07/2018,1.17
12/10/2018,1.07
12/11/2018,0.97
12/12/2018,1
12/13/2018,1.16
12/14/2018,1.14
12/17/2018,1.37
12/18/2018,1.09
12/19/2018,1.28
12/20/2018,1.82
12/21/2018,1.43
12/24/2018,1.32
12/26/2018,1.06
12/27/2018,0.96
12/28/2018,0.78
12/31/2018,0.98
01/02/2019,1.03
01/03/2019,1.31
01/04/2019,0.91
01/07/2019,0.87
01/08/2019,0.97
01/09/2019,0.93
01/10/2019,1.13
01/11/2019,1.08
01/14/2019,1.04
01/15/2019,1.03
01/16/2019,1.08
01/17/2019,0.8
01/18/2019,0.84
01/22/2019,0.93
01/23/2019,1.16
01/24/2019,0.98
01/25/2019,0.75
01/28/2019,0.99
01/29/2019,0.89
01/30/2019,0.89
01/31/2019,0.84
02/01/2019,1.13
02/04/2019,0.84
02/05/2019,0.83
02/06/2019,0.97
02/07/2019,0.99
02/08/2019,1.04
02/11/2019,0.87
02/12/2019,0.78
02/13/2019,1.01
02/14/2019,0.92
02/15/2019,0.8
02/19/2019,0.86
02/20/2019,0.79
02/21/2019,0.93
02/22/2019,0.79
02/25/2019,0.78
02/26/2019,0.85
02/27/2019,0.93
02/28/2019,0.96
03/01/2019,0.91
03/04/2019,1
03/05/2019,0.89
03/06/2019,1.06
03/07/2019,1.12
03/08/2019,0.97
03/11/2019,0.82
03/12/2019,1.01
03/13/2019,0.85
03/14/2019,0.91
03/15/2019,0.85
03/18/2019,0.81
03/19/2019,0.96
03/20/2019,0.89
03/21/2019,0.77
03/22/2019,0.89
03/25/2019,0.86
03/26/2019,0.88
03/27/2019,1.03
03/28/2019,0.87
03/29/2019,0.88
04/01/2019,0.84
04/02/2019,0.83
04/03/2019,0.86
04/04/2019,0.81
04/05/2019,0.82
04/08/2019,0.76
04/09/2019,0.86
04/10/2019,0.89
04/11/2019,0.99
04/12/2019,0.74
04/15/2019,0.91
04/16/2019,0.92
04/17/2019,0.81
04/18/2019,0.88
04/22/2019,0.86
04/23/2019,0.81
04/24/2019,0.87
04/25/2019,0.85
04/26/2019,0.86
04/29/2019,0.86
04/30/2019,1.04
05/01/2019,0.93
05/02/2019,0.93
05/03/2019,0.77
05/06/2019,1.05
05/07/2019,0.87
05/08/2019,1.2
05/09/2019,1.28
05/10/2019,1.24
05/13/2019,1.09
05/14/2019,1.02
05/15/2019,1.15
05/16/2019,1.02
05/17/2019,1.09
05/20/2019,0.85
05/21/2019,1
05/22/2019,0.94
05/23/2019,1.21
05/24/2019,0.96
05/28/2019,1.07
05/29/2019,1.41
05/30/2019,1.1
05/31/2019,1.19
06/03/2019,1.13
06/04/2019,0.96
06/05/2019,0.99
06/06/2019,0.85
06/07/2019,0.79
06/10/2019,0.78
06/11/2019,0.98
06/12/2019,1
06/13/2019,0.9
06/14/2019,0.97
06/17/2019,1
06/18/2019,0.91
06/19/2019,0.85
06/20/2019,0.76
06/21/2019,0.76
06/24/2019,0.77
06/25/2019,0.98
06/26/2019,0.91
06/27/2019,0.89
06/28/2019,0.86
07/01/2019,0.88
07/02/2019,0.89
07/03/2019,0.77
07/05/2019,0.9
07/08/2019,0.94
07/09/2019,0.94
07/10/2019,0.87
07/11/2019,0.88
07/12/2019,0.9
07/15/2019,0.96
07/16/2019,0.9
07/17/2019,0.99
07/18/2019,0.94
07/19/2019,1.09
07/22/2019,0.99
07/23/2019,0.75
07/24/2019,0.73
07/25/2019,0.77
07/26/2019,0.81
07/29/2019,0.81
07/30/2019,1.03
07/31/2019,0.99
08/01/2019,1.06
08/02/2019,1.13
08/05/2019,1.24
08/06/2019,1.1
08/07/2019,1.26
08/08/2019,1.05
08/09/2019,0.99
08/12/2019,1.16
08/13/2019,0.93
08/14/2019,1.27
08/15/2019,1.17
08/16/2019,1.1
08/19/2019,0.94
08/20/2019,0.84
08/21/2019,1.28
08/22/2019,0.93
08/23/2019,1.19
08/26/2019,1.09
08/27/2019,0.95
08/28/2019,1.18
08/29/2019,1.01
08/30/2019,1.25
09/03/2019,1.11
09/04/2019,1
09/05/2019,0.82
09/06/2019,0.92
09/09/2019,0.98
09/10/2019,0.84
09/11/2019,0.78
09/12/2019,0.84
09/13/2019,0.92
09/16/2019,1.19
09/17/2019,0.83
09/18/2019,1.03
09/19/2019,1.12
09/20/2019,1.05
09/23/2019,1.03
09/24/2019,1.15
09/25/2019,1.05
09/26/2019,1.04
09/27/2019,1.06
09/30/2019,1.17
10/01/2019,1.09
10/02/2019,1.27
10/03/2019,1.37
10/04/2019,1.05